mutation_id	ref_counts	var_counts	normal_cn	minor_cn	major_cn
chr1:12839899	255	0	2	1	1
chr1:26687400	185	0	2	1	1
chr1:59847167	255	0	2	1	1
chr1:75486756	255	255	2	0	2
chr1:85099620	254	0	2	1	1
chr1:85247131	255	0	2	1	1
chr1:85270052	251	0	2	1	1
chr1:85579191	255	0	2	1	1
chr1:85579197	255	0	2	1	1
chr1:85584926	111	0	2	1	1
chr1:85584939	255	128	2	0	2
chr1:85586250	173	0	2	1	1
chr1:85586254	255	0	2	1	1
chr1:85586281	109	0	2	1	1
chr1:85587494	149	0	2	1	1
chr1:85591555	255	255	2	0	2
chr1:85591619	255	0	2	1	1
chr1:85594414	92	0	2	1	1
chr1:85595989	111	0	2	1	1
chr1:85601172	255	0	2	1	1
chr1:85615212	197	0	2	1	1
chr1:85620099	78	0	2	1	1
chr1:85621656	217	0	2	1	1
chr1:85626133	237	0	2	1	1
chr1:85643221	104	0	2	1	1
chr1:88212084	121	0	2	1	1
chr1:88212093	244	0	2	1	1
chr1:88212141	255	0	2	1	1
chr1:88212317	251	0	2	1	1
chr1:88212696	150	0	2	1	1
chr1:88212740	247	0	2	1	1
chr1:88215174	98	0	2	1	1
chr1:88216213	255	0	2	1	1
chr1:88218146	210	0	2	1	1
chr1:88218240	191	0	2	1	1
chr1:88218245	255	0	2	1	1
chr1:88218279	202	0	2	1	1
chr1:88218283	137	0	2	1	1
chr1:88218360	174	0	2	1	1
chr1:88230746	255	0	2	1	1
chr1:88232324	255	0	2	1	1
chr1:88233442	241	0	2	1	1
chr1:88234120	255	0	2	1	1
chr1:88234137	255	0	2	1	1
chr1:88235254	202	0	2	1	1
chr1:88235442	255	0	2	1	1
chr1:88236665	240	0	2	1	1
chr1:88239006	255	0	2	1	1
chr1:88240149	255	0	2	1	1
chr1:88240703	255	0	2	1	1
chr1:88242417	102	0	2	1	1
chr1:88242418	180	0	2	1	1
chr1:88242760	255	0	2	1	1
chr1:88243950	91	0	2	1	1
chr1:88244970	255	0	2	1	1
chr1:88245989	235	0	2	1	1
chr1:88247140	255	0	2	1	1
chr1:88247237	195	0	2	1	1
chr1:88247763	255	0	2	1	1
chr1:88248621	211	0	2	1	1
chr1:88251267	255	0	2	1	1
chr1:88251385	255	0	2	1	1
chr1:88256127	145	0	2	1	1
chr1:88256155	99	0	2	1	1
chr1:88256705	255	0	2	1	1
chr1:88256727	255	0	2	1	1
chr1:88256798	255	0	2	1	1
chr1:88260004	173	0	2	1	1
chr1:88265258	255	0	2	1	1
chr1:88265309	255	0	2	1	1
chr1:88265570	255	0	2	1	1
chr1:88265846	255	0	2	1	1
chr1:88265980	255	0	2	1	1
chr1:88269331	255	0	2	1	1
chr1:88270269	222	0	2	1	1
chr1:88277413	255	0	2	1	1
chr1:88277422	227	0	2	1	1
chr1:105656775	255	66	2	0	2
chr1:105664352	255	255	2	0	2
chr1:107047565	252	33	2	0	2
chr1:107078537	255	154	2	0	2
chr1:107154379	255	255	2	0	2
chr1:107155886	255	72	2	0	2
chr1:107159041	255	81	2	0	2
chr1:107272789	255	39	2	0	2
chr1:107273171	255	33	2	0	2
chr1:107274993	255	69	2	0	2
chr1:110065735	255	87	2	0	2
chr1:110893384	255	45	2	0	2
chr1:111859457	255	66	2	0	2
chr1:111859994	255	129	2	0	2
chr1:118868087	255	255	2	0	2
chr1:119002044	255	123	2	0	2
chr1:120031656	255	255	2	0	2
chr1:120063246	255	163	2	0	2
chr1:120063257	255	135	2	0	2
chr1:120227750	255	255	2	0	2
chr1:120234378	255	255	2	0	2
chr1:120603621	255	42	2	0	2
chr1:121461939	255	255	2	0	2
chr1:127803140	255	255	2	0	2
chr1:127889267	255	208	2	0	2
chr1:127959819	255	255	2	0	2
chr1:127960096	255	255	2	0	2
chr1:128258983	255	117	2	0	2
chr1:128327768	255	255	2	0	2
chr1:128417208	255	250	2	0	2
chr1:128589277	255	255	2	0	2
chr1:130875974	255	255	2	0	2
chr1:130878269	255	205	2	0	2
chr1:131265937	255	190	2	0	2
chr1:131269823	255	255	2	0	2
chr1:131530668	255	205	2	0	2
chr1:131538895	255	229	2	0	2
chr1:131672306	255	255	2	0	2
chr1:131674792	255	255	2	0	2
chr1:131763211	255	255	2	0	2
chr1:131872110	255	255	2	0	2
chr1:132991702	255	254	2	0	2
chr1:133009145	255	211	2	0	2
chr1:133066610	255	196	2	0	2
chr1:133287846	255	255	2	0	2
chr1:133350778	255	0	2	1	1
chr1:133359079	255	255	2	0	2
chr1:133359983	255	0	2	1	1
chr1:133360007	255	0	2	1	1
chr1:133363776	181	0	2	1	1
chr1:133363890	209	0	2	1	1
chr1:133363923	255	132	2	0	2
chr1:133365587	255	0	2	1	1
chr1:133365817	255	255	2	0	2
chr1:133622154	255	255	2	0	2
chr1:133624621	255	255	2	0	2
chr1:133679978	255	255	2	0	2
chr1:133680569	255	255	2	0	2
chr1:133683634	255	255	2	0	2
chr1:134197020	255	255	2	0	2
chr1:134972167	255	84	2	0	2
chr1:134987088	255	255	2	0	2
chr1:134988009	255	255	2	0	2
chr1:134990635	255	255	2	0	2
chr1:135003476	255	255	2	0	2
chr1:135105076	255	93	2	0	2
chr1:135134475	255	255	2	0	2
chr1:135256083	255	255	2	0	2
chr1:135256088	255	255	2	0	2
chr1:135283629	255	57	2	0	2
chr1:135283977	255	96	2	0	2
chr1:135364003	255	255	2	0	2
chr1:135402250	255	255	2	0	2
chr1:135469698	255	255	2	0	2
chr1:138099676	255	33	2	0	2
chr1:138107823	182	30	2	0	2
chr1:138107824	182	30	2	0	2
chr1:138107837	171	27	2	0	2
chr1:138112254	255	235	2	0	2
chr1:138856790	255	75	2	0	2
chr1:139234779	255	255	2	0	2
chr1:139237622	255	255	2	0	2
chr1:139241138	255	255	2	0	2
chr1:139242995	255	255	2	0	2
chr1:139243417	255	255	2	0	2
chr1:139314660	255	255	2	0	2
chr1:139314691	255	255	2	0	2
chr1:139456756	255	255	2	0	2
chr1:139457224	255	193	2	0	2
chr1:139457255	255	226	2	0	2
chr1:139458111	255	255	2	0	2
chr1:139458156	255	255	2	0	2
chr1:139458391	255	255	2	0	2
chr1:139473574	255	255	2	0	2
chr1:139476843	255	141	2	0	2
chr1:139477508	255	255	2	0	2
chr1:139478534	255	255	2	0	2
chr1:139478687	255	255	2	0	2
chr1:139478863	255	255	2	0	2
chr1:139479070	255	255	2	0	2
chr1:139479357	255	255	2	0	2
chr1:139479551	255	138	2	0	2
chr1:139480324	255	255	2	0	2
chr1:139480457	255	255	2	0	2
chr1:139481088	255	255	2	0	2
chr1:139482435	255	255	2	0	2
chr1:139507651	255	255	2	0	2
chr1:139517310	255	255	2	0	2
chr1:139553617	255	93	2	0	2
chr1:139556353	255	96	2	0	2
chr1:139557486	255	132	2	0	2
chr1:139698226	214	36	2	0	2
chr1:139701899	197	0	2	1	1
chr1:139701915	234	0	2	1	1
chr1:139731560	255	37	2	0	2
chr1:139731566	255	31	2	0	2
chr1:139732351	255	72	2	0	2
chr1:139733545	255	132	2	0	2
chr1:139733581	255	132	2	0	2
chr1:139739232	255	57	2	0	2
chr1:139753052	255	42	2	0	2
chr1:139754280	143	15	2	0	2
chr1:139774002	255	0	2	1	1
chr1:139774537	255	114	2	0	2
chr1:139774626	255	51	2	0	2
chr1:139813442	255	255	2	0	2
chr1:139813459	255	255	2	0	2
chr1:139831174	255	99	2	0	2
chr1:139858614	255	0	2	1	1
chr1:140108919	135	0	2	1	1
chr1:140144098	87	0	2	1	1
chr1:140147697	255	0	2	1	1
chr1:140147784	255	0	2	1	1
chr1:140354547	255	90	2	0	2
chr1:143760014	255	255	2	0	2
chr1:143760026	255	255	2	0	2
chr1:143770506	255	255	2	0	2
chr1:144249030	255	123	2	0	2
chr1:150393488	255	255	2	0	2
chr1:150619015	255	255	2	0	2
chr1:150622919	255	255	2	0	2
chr1:150631297	255	255	2	0	2
chr1:150723479	255	255	2	0	2
chr1:150734467	255	255	2	0	2
chr1:150753636	255	135	2	0	2
chr1:151361590	255	255	2	0	2
chr1:151405472	255	255	2	0	2
chr1:151428947	255	105	2	0	2
chr1:151703840	255	255	2	0	2
chr1:151717517	255	255	2	0	2
chr1:151717801	255	255	2	0	2
chr1:151717861	255	255	2	0	2
chr1:152386563	255	75	2	0	2
chr1:152400222	255	151	2	0	2
chr1:152499980	255	255	2	0	2
chr1:152861753	255	255	2	0	2
chr1:153250389	255	255	2	0	2
chr1:153251975	255	247	2	0	2
chr1:153255300	255	229	2	0	2
chr1:153743826	255	144	2	0	2
chr1:153754376	255	255	2	0	2
chr1:153754919	255	255	2	0	2
chr1:153754970	255	255	2	0	2
chr1:153759630	255	255	2	0	2
chr1:153759660	255	255	2	0	2
chr1:153760830	255	87	2	0	2
chr1:153825658	255	255	2	0	2
chr1:153850583	255	255	2	0	2
chr1:153850609	255	255	2	0	2
chr1:153850745	255	255	2	0	2
chr1:153850982	255	255	2	0	2
chr1:153850991	255	255	2	0	2
chr1:153875002	255	255	2	0	2
chr1:153875102	255	255	2	0	2
chr1:153875320	255	255	2	0	2
chr1:153892146	255	255	2	0	2
chr1:153892573	255	0	2	1	1
chr1:155779448	255	255	2	0	2
chr1:155862369	255	154	2	0	2
chr1:155862882	255	255	2	0	2
chr1:155863282	255	255	2	0	2
chr1:155926508	255	166	2	0	2
chr1:155928211	255	220	2	0	2
chr1:155958681	255	175	2	0	2
chr1:156022318	255	255	2	0	2
chr1:156061765	255	255	2	0	2
chr1:156065045	255	255	2	0	2
chr1:156078970	255	255	2	0	2
chr1:156262881	255	255	2	0	2
chr1:156263413	255	148	2	0	2
chr1:156267355	255	33	2	0	2
chr1:156270646	255	255	2	0	2
chr1:156285523	255	255	2	0	2
chr1:156301806	255	255	2	0	2
chr1:156326100	255	255	2	0	2
chr1:156441366	255	255	2	0	2
chr1:156442409	255	255	2	0	2
chr1:156642255	255	255	2	0	2
chr1:156655866	255	255	2	0	2
chr1:156669484	255	255	2	0	2
chr1:156669619	255	255	2	0	2
chr1:156673586	255	253	2	0	2
chr1:156674181	255	255	2	0	2
chr1:156832745	255	154	2	0	2
chr1:157099360	255	255	2	0	2
chr1:157529244	255	255	2	0	2
chr1:157529318	255	255	2	0	2
chr1:157559468	255	166	2	0	2
chr1:157565439	255	220	2	0	2
chr1:158597288	255	255	2	0	2
chr1:158667517	255	255	2	0	2
chr1:158668718	255	255	2	0	2
chr1:159858348	255	255	2	0	2
chr1:170649754	255	0	2	1	1
chr1:170669030	255	0	2	1	1
chr1:170841710	255	0	2	1	1
chr1:170874437	184	0	2	1	1
chr1:170880573	112	0	2	1	1
chr1:170880578	146	0	2	1	1
chr1:170885169	222	0	2	1	1
chr1:170885283	172	0	2	1	1
chr1:170885284	171	0	2	1	1
chr1:170907535	255	0	2	1	1
chr1:170912262	255	0	2	1	1
chr1:170918246	255	0	2	1	1
chr1:170921725	99	0	2	1	1
chr1:170922278	255	0	2	1	1
chr1:170922395	255	0	2	1	1
chr1:170927476	255	0	2	1	1
chr1:170963333	214	0	2	1	1
chr1:170966467	255	0	2	1	1
chr1:170966481	255	0	2	1	1
chr1:170966616	255	0	2	1	1
chr1:171020004	255	0	2	1	1
chr1:171029259	255	0	2	1	1
chr1:171051722	255	0	2	1	1
chr1:171136127	255	0	2	1	1
chr1:171145805	255	0	2	1	1
chr1:171150569	255	0	2	1	1
chr1:171158798	248	0	2	1	1
chr1:171225795	89	0	2	1	1
chr1:171250901	255	0	2	1	1
chr1:171279519	255	0	2	1	1
chr1:171284618	255	0	2	1	1
chr1:171344938	127	0	2	1	1
chr1:171360318	255	0	2	1	1
chr1:171360646	255	0	2	1	1
chr1:171405161	235	0	2	1	1
chr1:171408430	255	0	2	1	1
chr1:171408701	255	0	2	1	1
chr1:171409061	255	0	2	1	1
chr1:171409082	255	0	2	1	1
chr1:171416853	255	0	2	1	1
chr1:171504171	255	0	2	1	1
chr1:171530529	255	0	2	1	1
chr1:171531730	255	0	2	1	1
chr1:171577917	255	0	2	1	1
chr1:171579124	214	0	2	1	1
chr1:171579127	216	0	2	1	1
chr1:171593907	255	0	2	1	1
chr1:171594032	255	0	2	1	1
chr1:171599857	255	0	2	1	1
chr1:171599888	255	0	2	1	1
chr1:171605028	66	0	2	1	1
chr1:171605172	254	0	2	1	1
chr1:171605208	255	0	2	1	1
chr1:171607284	255	0	2	1	1
chr1:171638669	179	0	2	1	1
chr1:171638683	209	0	2	1	1
chr1:171682104	117	0	2	1	1
chr1:171695858	220	0	2	1	1
chr1:171851835	255	0	2	1	1
chr1:171885586	255	0	2	1	1
chr1:172068242	255	0	2	1	1
chr1:172114762	145	0	2	1	1
chr1:172128723	255	0	2	1	1
chr1:172240058	229	0	2	1	1
chr1:172244100	251	0	2	1	1
chr1:172251297	255	0	2	1	1
chr1:172255054	255	0	2	1	1
chr1:172317580	255	0	2	1	1
chr1:172318712	255	0	2	1	1
chr1:172369705	255	0	2	1	1
chr1:172377316	255	0	2	1	1
chr1:172476174	255	0	2	1	1
chr1:172476310	255	0	2	1	1
chr1:172477430	255	0	2	1	1
chr1:172478072	255	0	2	1	1
chr1:172484869	255	0	2	1	1
chr1:172493544	141	0	2	1	1
chr1:172493614	255	0	2	1	1
chr1:172497127	255	0	2	1	1
chr1:172498480	255	0	2	1	1
chr1:172584483	255	0	2	1	1
chr1:172587924	255	0	2	1	1
chr1:172587951	255	0	2	1	1
chr1:172597669	255	0	2	1	1
chr1:172597802	255	0	2	1	1
chr1:172598290	255	0	2	1	1
chr1:172599200	255	0	2	1	1
chr1:172698921	255	0	2	1	1
chr1:172894327	255	0	2	1	1
chr1:173130315	255	0	2	1	1
chr1:173183633	255	0	2	1	1
chr1:173184360	255	0	2	1	1
chr1:173203994	255	0	2	1	1
chr1:173222578	255	0	2	1	1
chr1:173222761	255	0	2	1	1
chr1:173270324	175	0	2	1	1
chr1:173270447	255	0	2	1	1
chr1:173271018	176	0	2	1	1
chr1:173271097	247	0	2	1	1
chr1:173332148	255	0	2	1	1
chr1:173332289	255	0	2	1	1
chr1:173332330	77	0	2	1	1
chr1:173332331	96	0	2	1	1
chr1:173332371	115	0	2	1	1
chr1:173332388	96	0	2	1	1
chr1:173332418	255	0	2	1	1
chr1:173332725	255	0	2	1	1
chr1:173332784	255	0	2	1	1
chr1:173332922	255	0	2	1	1
chr1:173459709	162	0	2	1	1
chr1:173526483	133	0	2	1	1
chr1:173526492	178	0	2	1	1
chr1:173526548	255	0	2	1	1
chr1:173526646	255	0	2	1	1
chr1:173527877	59	0	2	1	1
chr1:173637426	253	0	2	1	1
chr1:173641048	234	0	2	1	1
chr1:173642586	153	0	2	1	1
chr1:173642595	151	0	2	1	1
chr1:173642682	160	0	2	1	1
chr1:173642683	162	0	2	1	1
chr1:173677847	62	0	2	1	1
chr1:173678946	237	0	2	1	1
chr1:173683103	80	0	2	1	1
chr1:173695597	167	0	2	1	1
chr1:173697436	73	0	2	1	1
chr1:173727761	255	0	2	1	1
chr1:173732280	251	0	2	1	1
chr1:173732310	255	0	2	1	1
chr1:173732408	255	0	2	1	1
chr1:173751632	250	0	2	1	1
chr1:173752015	156	0	2	1	1
chr1:173752043	126	0	2	1	1
chr1:173755645	140	0	2	1	1
chr1:173755683	107	0	2	1	1
chr1:173755714	114	0	2	1	1
chr1:173759476	114	0	2	1	1
chr1:173759539	64	0	2	1	1
chr1:173759617	65	0	2	1	1
chr1:173862585	62	0	2	1	1
chr1:173862592	62	0	2	1	1
chr1:173874436	68	0	2	1	1
chr1:173874458	77	0	2	1	1
chr1:173874467	73	0	2	1	1
chr1:173924127	98	0	2	1	1
chr1:173926985	255	0	2	1	1
chr1:173933889	137	0	2	1	1
chr1:173936625	62	0	2	1	1
chr1:173936634	92	0	2	1	1
chr1:173937851	255	0	2	1	1
chr1:173938005	82	0	2	1	1
chr1:173963817	255	0	2	1	1
chr1:173963976	255	0	2	1	1
chr1:173971432	190	0	2	1	1
chr1:173972304	255	0	2	1	1
chr1:173974843	140	0	2	1	1
chr1:173974844	146	0	2	1	1
chr1:173977342	255	0	2	1	1
chr1:173977345	255	0	2	1	1
chr1:173977346	255	0	2	1	1
chr1:174027285	255	0	2	1	1
chr1:174027320	255	0	2	1	1
chr1:174028272	207	0	2	1	1
chr1:174042217	255	0	2	1	1
chr1:174042510	255	0	2	1	1
chr1:174042763	255	0	2	1	1
chr1:174050519	255	0	2	1	1
chr1:174051310	97	0	2	1	1
chr1:174069533	255	0	2	1	1
chr1:174089147	255	0	2	1	1
chr1:174099583	128	0	2	1	1
chr1:174099589	125	0	2	1	1
chr1:174099602	215	0	2	1	1
chr1:174099842	255	0	2	1	1
chr1:174099904	224	0	2	1	1
chr1:174100009	255	0	2	1	1
chr1:174100057	241	0	2	1	1
chr1:174100309	255	0	2	1	1
chr1:174117696	240	0	2	1	1
chr1:174136762	109	0	2	1	1
chr1:174136992	233	0	2	1	1
chr1:174137174	255	0	2	1	1
chr1:174159625	255	0	2	1	1
chr1:174198368	106	0	2	1	1
chr1:174207137	93	0	2	1	1
chr1:174214134	255	0	2	1	1
chr1:174240192	255	0	2	1	1
chr1:174249989	255	0	2	1	1
chr1:174250364	233	0	2	1	1
chr1:174330630	224	0	2	1	1
chr1:174332767	255	0	2	1	1
chr1:174369670	255	0	2	1	1
chr1:174391176	255	0	2	1	1
chr1:174391779	255	0	2	1	1
chr1:174391896	255	0	2	1	1
chr1:174391965	255	0	2	1	1
chr1:174431342	183	0	2	1	1
chr1:174502143	255	0	2	1	1
chr1:174503087	255	0	2	1	1
chr1:174503160	255	0	2	1	1
chr1:174503334	255	0	2	1	1
chr1:174503339	255	0	2	1	1
chr1:174608698	255	0	2	1	1
chr1:174609889	255	0	2	1	1
chr1:175609646	255	0	2	1	1
chr1:176782254	255	0	2	1	1
chr1:176826202	255	0	2	1	1
chr1:176840343	255	0	2	1	1
chr1:179043861	255	0	2	1	1
chr1:179609803	255	0	2	1	1
chr1:179748643	255	0	2	1	1
chr1:179752948	255	0	2	1	1
chr1:179753456	255	0	2	1	1
chr1:179753463	255	0	2	1	1
chr1:179753483	244	0	2	1	1
chr1:179753544	255	0	2	1	1
chr1:179753766	255	0	2	1	1
chr1:179760283	255	0	2	1	1
chr1:179762572	255	0	2	1	1
chr1:179763595	255	0	2	1	1
chr1:180084420	105	0	2	1	1
chr1:180333341	255	0	2	1	1
chr1:180333680	255	0	2	1	1
chr1:181055314	255	0	2	1	1
chr1:181117471	255	0	2	1	1
chr1:181409714	255	0	2	1	1
chr1:181831695	255	0	2	1	1
chr1:184801966	255	0	2	1	1
chr1:184804018	255	0	2	1	1
chr1:184841383	255	0	2	1	1
chr1:185259500	255	0	2	1	1
chr1:185260433	255	0	2	1	1
chr1:185263644	255	0	2	1	1
chr1:185352198	255	0	2	1	1
chr1:185352276	255	0	2	1	1
chr1:185370937	255	0	2	1	1
chr1:185373044	255	0	2	1	1
chr1:185397169	255	0	2	1	1
chr1:186100241	227	0	2	1	1
chr1:186114285	255	0	2	1	1
chr1:186739660	170	0	2	1	1
chr1:186739764	255	0	2	1	1
chr1:188576187	255	0	2	1	1
chr1:188626591	255	0	2	1	1
chr1:188626705	255	0	2	1	1
chr1:188628608	255	0	2	1	1
chr1:188628654	255	0	2	1	1
chr1:188633717	255	0	2	1	1
chr1:188864735	255	0	2	1	1
chr1:189656884	255	0	2	1	1
chr1:189855034	255	0	2	1	1
chr1:191025931	218	0	2	1	1
chr1:191039617	255	0	2	1	1
chr1:191052912	255	0	2	1	1
chr1:191052967	152	0	2	1	1
chr1:191082292	255	0	2	1	1
chr1:191082306	255	0	2	1	1
chr1:191082360	255	0	2	1	1
chr1:191098502	244	0	2	1	1
chr1:191822255	255	0	2	1	1
chr1:191827204	255	0	2	1	1
chr1:192505573	255	0	2	1	1
chr1:192513918	255	0	2	1	1
chr1:193194849	255	0	2	1	1
chr2:5921824	255	255	2	0	2
chr2:168570904	255	0	2	1	1
chr2:168750384	255	0	2	1	1
chr2:170406608	255	0	2	1	1
chr2:172351485	255	0	2	1	1
chr2:172466507	175	0	2	1	1
chr2:172472668	255	0	2	1	1
chr2:173094691	255	0	2	1	1
chr2:173153560	255	0	2	1	1
chr2:174285320	255	0	2	1	1
chr2:175061919	128	0	2	1	1
chr2:175063651	67	0	2	1	1
chr2:178468215	255	0	2	1	1
chr3:15411198	82	0	2	1	1
chr3:15411378	117	0	2	1	1
chr3:15411410	180	0	2	1	1
chr3:15417100	86	0	2	1	1
chr3:15832408	250	0	2	1	1
chr3:96683373	95	0	2	1	1
chr3:96683418	63	0	2	1	1
chr3:151500471	255	0	2	1	1
chr3:151835217	255	0	2	1	1
chr3:153896872	61	0	2	1	1
chr3:154587601	255	0	2	1	1
chr3:154872125	255	0	2	1	1
chr3:155086840	255	0	2	1	1
chr3:159623007	255	0	2	1	1
chr4:3184971	167	0	2	1	1
chr4:21873684	255	0	2	1	1
chr4:55008895	255	0	2	1	1
chr4:55008954	255	0	2	1	1
chr4:55009717	170	0	2	1	1
chr4:55012301	255	0	2	1	1
chr4:55012833	255	0	2	1	1
chr4:55013503	255	0	2	1	1
chr4:55080667	190	0	2	1	1
chr4:55080836	255	0	2	1	1
chr4:55370267	207	0	2	1	1
chr4:55370327	238	0	2	1	1
chr4:55370354	243	0	2	1	1
chr4:55385473	255	0	2	1	1
chr4:57648026	255	0	2	1	1
chr4:57709693	255	0	2	1	1
chr4:58347808	154	0	2	1	1
chr4:58784823	255	0	2	1	1
chr4:58811710	255	0	2	1	1
chr4:58946134	255	0	2	1	1
chr4:58946254	255	0	2	1	1
chr4:58946285	255	0	2	1	1
chr4:58946488	255	0	2	1	1
chr4:58966742	255	0	2	1	1
chr4:58966750	255	0	2	1	1
chr4:59365868	255	0	2	1	1
chr4:59610626	68	0	2	1	1
chr4:59610641	103	0	2	1	1
chr4:59914102	255	0	2	1	1
chr4:60582079	255	0	2	1	1
chr4:63225145	255	0	2	1	1
chr4:63225427	255	0	2	1	1
chr4:63225479	255	0	2	1	1
chr4:63272545	255	0	2	1	1
chr4:63306703	199	0	2	1	1
chr4:63317333	255	0	2	1	1
chr4:63346312	255	0	2	1	1
chr4:63356589	255	0	2	1	1
chr4:63356599	255	0	2	1	1
chr4:63371838	255	0	2	1	1
chr4:63373404	255	0	2	1	1
chr4:63374090	255	0	2	1	1
chr4:63380305	255	0	2	1	1
chr4:63386243	255	0	2	1	1
chr4:63386316	255	0	2	1	1
chr4:63386337	207	0	2	1	1
chr4:63415563	255	0	2	1	1
chr4:98405622	255	0	2	1	1
chr4:98437365	255	0	2	1	1
chr4:98505712	255	0	2	1	1
chr4:98505722	255	0	2	1	1
chr4:98931332	255	0	2	1	1
chr4:99221365	255	0	2	1	1
chr4:99224470	255	0	2	1	1
chr4:100486704	245	0	2	1	1
chr4:101002939	255	0	2	1	1
chr4:106446685	255	0	2	1	1
chr4:106450131	255	0	2	1	1
chr4:106454580	255	0	2	1	1
chr4:106463811	106	0	2	1	1
chr4:106485096	255	0	2	1	1
chr4:106653180	255	0	2	1	1
chr4:106654070	255	0	2	1	1
chr4:106654319	255	0	2	1	1
chr4:106692291	255	0	2	1	1
chr4:106720924	255	0	2	1	1
chr4:107563986	255	0	2	1	1
chr4:107568238	255	0	2	1	1
chr4:108165568	255	0	2	1	1
chr4:108169744	255	0	2	1	1
chr4:108172892	255	0	2	1	1
chr4:108189592	255	0	2	1	1
chr4:108367934	255	0	2	1	1
chr4:108595618	255	0	2	1	1
chr4:108626149	255	0	2	1	1
chr4:111779036	255	0	2	1	1
chr4:111880269	162	0	2	1	1
chr4:111880310	226	0	2	1	1
chr4:111880311	221	0	2	1	1
chr4:111898690	255	0	2	1	1
chr4:111980327	228	0	2	1	1
chr4:111980385	188	0	2	1	1
chr4:111982261	202	0	2	1	1
chr4:112010742	255	0	2	1	1
chr4:112018963	77	0	2	1	1
chr4:112018999	214	0	2	1	1
chr4:112021431	126	0	2	1	1
chr4:112021481	123	0	2	1	1
chr4:112028808	255	0	2	1	1
chr4:112626001	109	0	2	1	1
chr4:112626033	110	0	2	1	1
chr4:112711518	56	0	2	1	1
chr4:112711519	54	0	2	1	1
chr4:112711632	177	0	2	1	1
chr4:112765106	255	0	2	1	1
chr4:113940713	255	0	2	1	1
chr4:113942603	89	0	2	1	1
chr4:113942622	63	0	2	1	1
chr4:113942682	145	0	2	1	1
chr4:113942804	149	0	2	1	1
chr4:113942832	185	0	2	1	1
chr4:113995611	134	0	2	1	1
chr4:113995648	105	0	2	1	1
chr4:114925257	139	0	2	1	1
chr4:114987061	124	0	2	1	1
chr4:114987066	128	0	2	1	1
chr4:115021488	255	0	2	1	1
chr4:115024317	255	0	2	1	1
chr4:115029929	255	0	2	1	1
chr4:115029954	255	0	2	1	1
chr4:115039144	255	0	2	1	1
chr4:115089026	255	0	2	1	1
chr4:115121915	255	0	2	1	1
chr4:115126596	255	0	2	1	1
chr4:115249743	255	0	2	1	1
chr4:115254477	255	0	2	1	1
chr4:115254531	255	0	2	1	1
chr4:115301925	107	0	2	1	1
chr4:115414587	255	0	2	1	1
chr4:115457749	255	0	2	1	1
chr4:115471004	187	0	2	1	1
chr4:115471007	178	0	2	1	1
chr4:115496101	255	0	2	1	1
chr4:115519630	255	0	2	1	1
chr4:115519647	255	0	2	1	1
chr4:115601116	255	0	2	1	1
chr4:115621499	255	0	2	1	1
chr4:116315994	255	0	2	1	1
chr4:116712724	255	0	2	1	1
chr4:116805190	255	0	2	1	1
chr4:116806093	255	0	2	1	1
chr4:116806736	255	0	2	1	1
chr4:116807497	255	0	2	1	1
chr4:116814338	255	0	2	1	1
chr4:116815825	255	0	2	1	1
chr4:116817183	255	0	2	1	1
chr4:116817416	243	0	2	1	1
chr4:116817419	254	0	2	1	1
chr4:117044592	255	0	2	1	1
chr4:117128225	255	0	2	1	1
chr4:117130781	255	0	2	1	1
chr4:117760642	255	0	2	1	1
chr4:117760784	255	0	2	1	1
chr4:117761067	255	0	2	1	1
chr4:117869919	255	0	2	1	1
chr4:117886099	255	0	2	1	1
chr4:117926857	255	0	2	1	1
chr4:118162542	255	0	2	1	1
chr4:118223842	255	0	2	1	1
chr4:118365677	255	0	2	1	1
chr4:118372010	255	0	2	1	1
chr4:118377869	255	0	2	1	1
chr4:118383011	255	0	2	1	1
chr4:118383355	255	0	2	1	1
chr4:118383387	255	0	2	1	1
chr4:118387641	255	0	2	1	1
chr4:118388554	255	0	2	1	1
chr4:118388555	255	0	2	1	1
chr4:118411561	255	0	2	1	1
chr4:118455226	255	0	2	1	1
chr4:118478573	255	0	2	1	1
chr4:118483863	255	0	2	1	1
chr4:118541596	255	0	2	1	1
chr4:118666264	255	0	2	1	1
chr4:118666431	255	0	2	1	1
chr4:118709548	255	0	2	1	1
chr4:118709569	255	0	2	1	1
chr4:118726942	255	0	2	1	1
chr4:118734921	255	0	2	1	1
chr4:118754018	255	0	2	1	1
chr4:118754496	255	0	2	1	1
chr4:118965293	255	0	2	1	1
chr4:119170832	169	0	2	1	1
chr4:119171012	255	0	2	1	1
chr4:119187365	255	0	2	1	1
chr4:119188896	255	0	2	1	1
chr4:119247973	255	0	2	1	1
chr4:119311363	255	0	2	1	1
chr4:119311366	255	0	2	1	1
chr4:119339833	255	0	2	1	1
chr4:119468087	255	0	2	1	1
chr4:119477992	255	0	2	1	1
chr4:119530650	255	0	2	1	1
chr4:119530718	255	0	2	1	1
chr4:119530790	255	0	2	1	1
chr4:119616523	255	0	2	1	1
chr4:120132367	255	0	2	1	1
chr4:120269032	255	0	2	1	1
chr4:120533203	255	0	2	1	1
chr4:120536404	255	0	2	1	1
chr4:120935120	255	0	2	1	1
chr4:120947372	255	0	2	1	1
chr4:120947386	255	0	2	1	1
chr4:120947440	79	0	2	1	1
chr4:120947456	255	0	2	1	1
chr4:120947462	236	0	2	1	1
chr4:121049711	255	0	2	1	1
chr4:121053103	208	0	2	1	1
chr4:121053104	214	0	2	1	1
chr4:121054292	255	0	2	1	1
chr4:121105982	255	0	2	1	1
chr4:121324775	86	0	2	1	1
chr4:122701187	255	0	2	1	1
chr4:122864662	255	0	2	1	1
chr4:123246250	255	0	2	1	1
chr4:123407912	255	0	2	1	1
chr4:123456691	255	0	2	1	1
chr4:123471899	255	0	2	1	1
chr4:123471977	255	0	2	1	1
chr4:123474273	255	0	2	1	1
chr4:123475130	255	0	2	1	1
chr4:123493195	255	0	2	1	1
chr4:123824894	62	0	2	1	1
chr4:124938626	255	0	2	1	1
chr4:124940398	255	0	2	1	1
chr4:125068158	255	0	2	1	1
chr4:125071333	255	0	2	1	1
chr4:125072825	173	0	2	1	1
chr4:126035821	255	0	2	1	1
chr4:126242040	255	0	2	1	1
chr4:126242047	255	0	2	1	1
chr4:126507160	255	0	2	1	1
chr4:126508451	255	0	2	1	1
chr4:126575132	255	0	2	1	1
chr4:126868960	255	0	2	1	1
chr4:127120470	255	0	2	1	1
chr4:127129012	255	0	2	1	1
chr4:127312231	255	0	2	1	1
chr4:127356025	255	0	2	1	1
chr4:128383971	255	0	2	1	1
chr4:128414258	255	0	2	1	1
chr4:128466465	248	0	2	1	1
chr4:128586442	146	0	2	1	1
chr4:128592380	255	0	2	1	1
chr4:128617921	255	0	2	1	1
chr4:128618142	255	0	2	1	1
chr4:128618196	255	0	2	1	1
chr4:128712263	168	0	2	1	1
chr4:128712311	247	0	2	1	1
chr4:128946134	255	0	2	1	1
chr4:129110937	255	0	2	1	1
chr4:129180255	255	0	2	1	1
chr4:129182283	255	0	2	1	1
chr4:129222922	255	0	2	1	1
chr4:129293244	255	0	2	1	1
chr4:129293412	255	0	2	1	1
chr4:129306436	255	0	2	1	1
chr4:129354324	255	0	2	1	1
chr4:129432484	255	0	2	1	1
chr4:129474110	255	0	2	1	1
chr4:129578336	255	0	2	1	1
chr4:129609105	255	0	2	1	1
chr4:129609707	255	0	2	1	1
chr4:129614068	255	0	2	1	1
chr4:129614109	255	0	2	1	1
chr4:129616471	112	0	2	1	1
chr4:129616487	74	0	2	1	1
chr4:129616642	230	0	2	1	1
chr4:129616648	204	0	2	1	1
chr4:129616708	199	0	2	1	1
chr4:129616841	255	0	2	1	1
chr4:129617753	255	0	2	1	1
chr4:129617801	255	0	2	1	1
chr4:129622714	255	0	2	1	1
chr4:129684417	255	0	2	1	1
chr4:129992772	255	0	2	1	1
chr4:130018774	130	0	2	1	1
chr4:130018775	151	0	2	1	1
chr4:130018781	141	0	2	1	1
chr4:130058321	255	0	2	1	1
chr4:130058430	255	0	2	1	1
chr4:130060899	255	0	2	1	1
chr4:130065399	255	0	2	1	1
chr4:130065426	230	0	2	1	1
chr4:130065427	217	0	2	1	1
chr4:130067102	255	0	2	1	1
chr4:130068499	255	0	2	1	1
chr4:130125207	255	0	2	1	1
chr4:130215335	255	0	2	1	1
chr4:130216713	255	0	2	1	1
chr4:130669104	255	0	2	1	1
chr4:130669105	255	0	2	1	1
chr4:131967828	255	0	2	1	1
chr4:131967894	255	0	2	1	1
chr4:132302351	223	0	2	1	1
chr4:132302515	255	0	2	1	1
chr4:132369785	255	0	2	1	1
chr4:132371088	255	0	2	1	1
chr4:132377246	255	0	2	1	1
chr4:132579892	82	0	2	1	1
chr4:132672942	255	0	2	1	1
chr4:133221509	255	0	2	1	1
chr4:133241107	88	0	2	1	1
chr4:133241261	95	0	2	1	1
chr4:133246941	255	0	2	1	1
chr4:133246947	255	0	2	1	1
chr4:133246970	255	0	2	1	1
chr4:133247455	255	0	2	1	1
chr4:133251429	255	0	2	1	1
chr4:133251445	255	0	2	1	1
chr4:133256949	182	0	2	1	1
chr4:133257808	255	0	2	1	1
chr4:133258874	255	0	2	1	1
chr4:133259010	255	0	2	1	1
chr4:133260961	255	0	2	1	1
chr4:133370607	255	0	2	1	1
chr4:133486232	255	0	2	1	1
chr4:133575019	255	0	2	1	1
chr4:133575205	255	0	2	1	1
chr4:133578030	255	0	2	1	1
chr4:133578282	191	0	2	1	1
chr4:133580704	255	0	2	1	1
chr4:133582561	255	0	2	1	1
chr4:133583654	255	0	2	1	1
chr4:133586018	255	0	2	1	1
chr4:133588599	255	0	2	1	1
chr4:133591394	141	0	2	1	1
chr4:133662614	255	0	2	1	1
chr4:133681787	255	0	2	1	1
chr4:133681919	255	0	2	1	1
chr4:134072590	255	0	2	1	1
chr4:134074850	255	0	2	1	1
chr4:134081140	255	0	2	1	1
chr4:134081429	255	0	2	1	1
chr4:134081997	255	0	2	1	1
chr4:134091184	203	0	2	1	1
chr4:134192717	255	0	2	1	1
chr4:134195547	255	0	2	1	1
chr4:134201990	255	0	2	1	1
chr4:134201993	255	0	2	1	1
chr4:134202205	255	0	2	1	1
chr4:134202239	255	0	2	1	1
chr4:134202248	255	0	2	1	1
chr4:134202263	255	0	2	1	1
chr4:134202430	255	0	2	1	1
chr4:134202523	255	0	2	1	1
chr4:134202670	218	0	2	1	1
chr4:134202862	195	0	2	1	1
chr4:134229401	255	0	2	1	1
chr4:134232842	255	0	2	1	1
chr4:134233200	255	0	2	1	1
chr4:134234511	255	0	2	1	1
chr4:134234590	255	0	2	1	1
chr4:134245364	90	0	2	1	1
chr4:134347396	255	0	2	1	1
chr4:134359123	255	0	2	1	1
chr4:134360593	255	0	2	1	1
chr4:134362351	222	0	2	1	1
chr4:134362715	255	0	2	1	1
chr4:134371151	255	0	2	1	1
chr4:134371624	255	0	2	1	1
chr4:134523185	255	0	2	1	1
chr4:134523235	255	0	2	1	1
chr4:134894370	255	0	2	1	1
chr4:135425298	255	0	2	1	1
chr4:136010503	255	0	2	1	1
chr4:136192774	138	0	2	1	1
chr4:136193032	255	0	2	1	1
chr4:136442526	255	0	2	1	1
chr4:136610572	255	0	2	1	1
chr4:136612795	140	0	2	1	1
chr4:136629219	153	0	2	1	1
chr4:136637242	255	0	2	1	1
chr4:136880708	255	0	2	1	1
chr4:136890161	255	0	2	1	1
chr4:136890575	255	0	2	1	1
chr4:136892534	255	0	2	1	1
chr4:136897791	255	0	2	1	1
chr4:137001353	255	0	2	1	1
chr4:137018707	255	0	2	1	1
chr4:137402477	202	0	2	1	1
chr4:137403832	255	0	2	1	1
chr4:137403847	255	0	2	1	1
chr4:137404517	255	0	2	1	1
chr4:137405900	255	0	2	1	1
chr4:137408187	249	0	2	1	1
chr4:137409753	255	0	2	1	1
chr4:137430492	255	0	2	1	1
chr4:137455119	255	0	2	1	1
chr4:137518953	255	0	2	1	1
chr4:137519667	255	0	2	1	1
chr4:137538206	255	0	2	1	1
chr4:137543602	255	0	2	1	1
chr4:137543650	255	0	2	1	1
chr4:137544464	255	0	2	1	1
chr4:137551160	255	0	2	1	1
chr4:137552896	229	0	2	1	1
chr4:137553740	255	0	2	1	1
chr4:137553751	255	0	2	1	1
chr4:137556660	255	0	2	1	1
chr4:137562197	255	0	2	1	1
chr4:137564414	255	0	2	1	1
chr4:137564802	255	0	2	1	1
chr4:137565432	255	0	2	1	1
chr4:137720372	255	0	2	1	1
chr4:137746419	235	0	2	1	1
chr4:137746437	230	0	2	1	1
chr4:137921157	255	0	2	1	1
chr4:137946343	202	0	2	1	1
chr4:137961683	255	0	2	1	1
chr4:138190710	255	0	2	1	1
chr4:138223622	255	0	2	1	1
chr4:138228717	77	0	2	1	1
chr4:138240675	255	0	2	1	1
chr4:138255627	255	0	2	1	1
chr4:138256828	255	0	2	1	1
chr4:138288063	255	0	2	1	1
chr4:138301274	180	0	2	1	1
chr4:138304940	153	0	2	1	1
chr4:138311422	255	0	2	1	1
chr4:138315559	255	0	2	1	1
chr4:138320016	255	0	2	1	1
chr4:138439345	255	0	2	1	1
chr4:138569515	255	0	2	1	1
chr4:138581663	255	0	2	1	1
chr4:138720970	255	0	2	1	1
chr4:138721270	255	0	2	1	1
chr4:138731600	147	0	2	1	1
chr4:138804592	255	0	2	1	1
chr4:138832938	255	0	2	1	1
chr4:138833300	255	0	2	1	1
chr4:138871276	86	0	2	1	1
chr4:138871331	255	0	2	1	1
chr4:138873388	113	0	2	1	1
chr4:138873500	255	0	2	1	1
chr4:138898051	255	0	2	1	1
chr4:138913702	55	0	2	1	1
chr4:138996470	255	0	2	1	1
chr4:139010582	255	0	2	1	1
chr4:139058190	255	0	2	1	1
chr4:139058272	255	0	2	1	1
chr4:139083583	255	0	2	1	1
chr4:139280042	154	0	2	1	1
chr4:139314160	255	0	2	1	1
chr4:139318210	255	0	2	1	1
chr4:139352678	255	0	2	1	1
chr4:139365573	255	0	2	1	1
chr4:139412711	255	0	2	1	1
chr4:139623190	152	0	2	1	1
chr4:139633922	255	0	2	1	1
chr4:139644175	255	0	2	1	1
chr4:139967030	255	0	2	1	1
chr4:139967441	255	0	2	1	1
chr4:140028760	255	0	2	1	1
chr4:140746290	255	0	2	1	1
chr4:140748135	67	0	2	1	1
chr4:140758188	255	0	2	1	1
chr4:140765615	255	0	2	1	1
chr4:140769426	160	0	2	1	1
chr4:140769463	113	0	2	1	1
chr4:140796495	255	0	2	1	1
chr4:140949895	255	0	2	1	1
chr4:140993841	255	0	2	1	1
chr4:140995339	255	0	2	1	1
chr4:141000569	65	0	2	1	1
chr4:141000799	255	0	2	1	1
chr4:141001971	244	0	2	1	1
chr4:141002998	255	0	2	1	1
chr4:141004216	255	0	2	1	1
chr4:141017066	255	0	2	1	1
chr4:141018709	255	0	2	1	1
chr4:141019841	255	0	2	1	1
chr4:141022121	255	0	2	1	1
chr4:141035239	253	0	2	1	1
chr4:141043528	187	0	2	1	1
chr4:141046038	255	0	2	1	1
chr4:141047024	190	0	2	1	1
chr4:141092188	255	0	2	1	1
chr4:141095224	238	0	2	1	1
chr4:141095225	250	0	2	1	1
chr4:141095306	255	0	2	1	1
chr4:141096956	249	0	2	1	1
chr4:141103203	255	0	2	1	1
chr4:141199963	255	0	2	1	1
chr4:141200214	255	0	2	1	1
chr4:141218155	255	0	2	1	1
chr4:141218649	255	0	2	1	1
chr4:141219869	255	0	2	1	1
chr4:141247450	255	0	2	1	1
chr4:141249588	255	0	2	1	1
chr4:141391435	59	0	2	1	1
chr4:141404769	255	0	2	1	1
chr4:141405071	255	0	2	1	1
chr4:141405131	255	0	2	1	1
chr4:141407134	255	0	2	1	1
chr4:141407185	255	0	2	1	1
chr4:141408582	255	0	2	1	1
chr4:141413968	222	0	2	1	1
chr4:141433129	244	0	2	1	1
chr4:141433271	255	0	2	1	1
chr4:141433427	255	0	2	1	1
chr4:141433445	255	0	2	1	1
chr4:141435992	208	0	2	1	1
chr4:141435993	212	0	2	1	1
chr4:141435994	212	0	2	1	1
chr4:141463324	255	0	2	1	1
chr4:141472289	255	0	2	1	1
chr4:141475118	221	0	2	1	1
chr4:141476306	255	0	2	1	1
chr4:141476486	122	0	2	1	1
chr4:141476610	166	0	2	1	1
chr4:141476634	194	0	2	1	1
chr4:141615127	255	0	2	1	1
chr4:141747078	255	0	2	1	1
chr4:141749718	255	0	2	1	1
chr4:141905018	255	0	2	1	1
chr4:141918815	255	0	2	1	1
chr4:141922387	255	0	2	1	1
chr4:142239051	255	0	2	1	1
chr4:143134582	255	0	2	1	1
chr4:143135722	253	0	2	1	1
chr4:143142199	255	0	2	1	1
chr4:143437486	136	0	2	1	1
chr4:143437576	184	0	2	1	1
chr4:143571025	207	0	2	1	1
chr4:143571960	255	0	2	1	1
chr4:143572138	255	0	2	1	1
chr4:143572188	234	0	2	1	1
chr4:143572215	111	0	2	1	1
chr4:143572269	188	0	2	1	1
chr4:143572309	87	0	2	1	1
chr4:143572324	76	0	2	1	1
chr4:143615024	113	0	2	1	1
chr4:143615193	255	0	2	1	1
chr4:143617071	178	0	2	1	1
chr4:143617074	200	0	2	1	1
chr4:143617281	255	0	2	1	1
chr4:143617341	255	0	2	1	1
chr4:143617458	255	0	2	1	1
chr4:143617474	255	0	2	1	1
chr4:143617509	255	0	2	1	1
chr4:143617608	255	0	2	1	1
chr4:143654373	255	0	2	1	1
chr4:143654563	196	0	2	1	1
chr4:143655718	255	0	2	1	1
chr4:143655832	255	0	2	1	1
chr4:143726651	198	0	2	1	1
chr4:143726758	255	0	2	1	1
chr4:143728096	255	0	2	1	1
chr4:143792810	243	0	2	1	1
chr4:143792930	255	0	2	1	1
chr4:143792967	255	0	2	1	1
chr4:143795084	255	0	2	1	1
chr4:143810298	80	0	2	1	1
chr4:143810633	229	0	2	1	1
chr4:143810849	134	0	2	1	1
chr4:143812725	231	0	2	1	1
chr4:143812873	231	0	2	1	1
chr4:143850849	255	0	2	1	1
chr4:143851526	255	0	2	1	1
chr4:143851775	255	0	2	1	1
chr4:143851862	215	0	2	1	1
chr4:143851915	249	0	2	1	1
chr4:143852880	235	0	2	1	1
chr4:143853208	150	0	2	1	1
chr4:143853210	146	0	2	1	1
chr4:143853309	115	0	2	1	1
chr4:143895448	255	0	2	1	1
chr4:143896831	174	0	2	1	1
chr4:143896849	223	0	2	1	1
chr4:143896914	133	0	2	1	1
chr4:143896915	84	0	2	1	1
chr4:143896945	124	0	2	1	1
chr4:143897685	255	0	2	1	1
chr4:143897706	255	0	2	1	1
chr4:143948990	221	0	2	1	1
chr4:143949020	255	0	2	1	1
chr4:143949665	255	0	2	1	1
chr4:143949746	255	0	2	1	1
chr4:143949794	255	0	2	1	1
chr4:143950032	170	0	2	1	1
chr4:143950074	124	0	2	1	1
chr4:143950084	103	0	2	1	1
chr4:143950097	129	0	2	1	1
chr4:143950784	255	0	2	1	1
chr4:143950955	255	0	2	1	1
chr4:143991490	255	0	2	1	1
chr4:143994290	146	0	2	1	1
chr4:144157879	169	0	2	1	1
chr4:144158086	255	0	2	1	1
chr4:144159108	255	0	2	1	1
chr4:144159411	255	0	2	1	1
chr4:144160223	244	0	2	1	1
chr4:144160491	255	0	2	1	1
chr4:144194249	255	0	2	1	1
chr4:144195092	201	0	2	1	1
chr4:144195218	134	0	2	1	1
chr4:144195249	71	0	2	1	1
chr4:144195260	94	0	2	1	1
chr4:144196131	190	0	2	1	1
chr4:144196224	174	0	2	1	1
chr4:144196422	175	0	2	1	1
chr4:144207488	255	0	2	1	1
chr4:144207493	255	0	2	1	1
chr4:144209456	255	0	2	1	1
chr4:144271330	255	0	2	1	1
chr4:144271474	255	0	2	1	1
chr4:144273919	255	0	2	1	1
chr4:144331205	255	0	2	1	1
chr4:144361849	255	0	2	1	1
chr4:144362478	255	0	2	1	1
chr4:144362483	255	0	2	1	1
chr4:144362663	255	0	2	1	1
chr4:144362943	255	0	2	1	1
chr4:144362948	255	0	2	1	1
chr4:144363503	255	0	2	1	1
chr4:144372935	255	0	2	1	1
chr4:144377194	255	0	2	1	1
chr4:144395714	255	0	2	1	1
chr4:144395808	255	0	2	1	1
chr4:144395962	255	0	2	1	1
chr4:144520028	255	0	2	1	1
chr4:144528723	255	0	2	1	1
chr4:144622766	255	0	2	1	1
chr4:144703521	255	0	2	1	1
chr4:144721251	255	0	2	1	1
chr4:144778085	255	0	2	1	1
chr4:144780561	255	0	2	1	1
chr4:145622166	106	0	2	1	1
chr4:145622476	97	0	2	1	1
chr4:147581328	255	0	2	1	1
chr4:147583197	116	0	2	1	1
chr4:147613814	72	0	2	1	1
chr4:147613836	134	0	2	1	1
chr4:148944359	163	0	2	1	1
chr4:149153903	255	0	2	1	1
chr4:149198451	255	0	2	1	1
chr4:149330284	255	0	2	1	1
chr4:149365481	255	0	2	1	1
chr4:149468885	255	0	2	1	1
chr4:149469781	255	0	2	1	1
chr4:149629400	255	0	2	1	1
chr4:149632078	255	0	2	1	1
chr4:149634872	255	0	2	1	1
chr4:149643327	255	0	2	1	1
chr4:149753850	255	0	2	1	1
chr4:149984056	255	0	2	1	1
chr4:149996046	255	0	2	1	1
chr4:149996133	255	0	2	1	1
chr4:150189129	255	0	2	1	1
chr4:150629577	255	0	2	1	1
chr4:150638128	255	0	2	1	1
chr4:150935515	255	0	2	1	1
chr4:151018033	255	0	2	1	1
chr4:151018971	255	0	2	1	1
chr4:151028752	255	0	2	1	1
chr4:151044204	255	0	2	1	1
chr4:151078959	255	0	2	1	1
chr4:151090616	255	0	2	1	1
chr4:151969921	255	0	2	1	1
chr4:152377125	255	0	2	1	1
chr4:154019443	255	0	2	1	1
chr4:154242422	255	0	2	1	1
chr4:154254581	255	0	2	1	1
chr4:154266197	255	0	2	1	1
chr4:154266549	255	0	2	1	1
chr4:154270510	255	0	2	1	1
chr4:154341048	255	0	2	1	1
chr4:154861214	255	0	2	1	1
chr4:154861355	255	0	2	1	1
chr4:154862214	255	0	2	1	1
chr4:154862270	255	0	2	1	1
chr4:154865395	255	0	2	1	1
chr4:154865470	255	0	2	1	1
chr4:154865658	255	0	2	1	1
chr5:13570208	255	90	2	0	2
chr5:14913539	255	0	2	1	1
chr5:14914768	209	62	2	0	2
chr5:14914799	255	0	2	1	1
chr5:14976199	255	0	2	1	1
chr5:14978755	225	0	2	1	1
chr5:14978790	199	0	2	1	1
chr5:15524894	255	0	2	1	1
chr5:15524974	255	0	2	1	1
chr5:15577458	230	0	2	1	1
chr5:15620430	94	0	2	1	1
chr5:25950723	72	0	2	1	1
chr5:25954224	127	0	2	1	1
chr5:26000324	255	0	2	1	1
chr5:26035024	255	0	2	1	1
chr5:26035916	255	0	2	1	1
chr5:26035943	255	0	2	1	1
chr5:26089095	183	0	2	1	1
chr5:26089122	207	0	2	1	1
chr5:26089127	219	0	2	1	1
chr5:27501274	255	0	2	1	1
chr5:38300085	255	255	2	0	2
chr5:62748987	255	0	2	1	1
chr5:89775351	255	0	2	1	1
chr5:93636401	255	0	2	1	1
chr5:93636477	255	0	2	1	1
chr5:93637618	198	0	2	1	1
chr5:93637765	255	0	2	1	1
chr5:93638901	208	0	2	1	1
chr5:93638902	175	0	2	1	1
chr5:96758142	255	0	2	1	1
chr5:112762721	255	0	2	1	1
chr5:114188382	255	0	2	1	1
chr5:140741515	255	0	2	1	1
chr5:143717400	255	0	2	1	1
chr5:145803665	84	0	2	1	1
chr6:136328730	255	0	2	1	1
chr6:136328921	255	0	2	1	1
chr6:136329071	224	0	2	1	1
chr6:136401700	255	0	2	1	1
chr6:136401755	255	0	2	1	1
chr6:136560153	255	0	2	1	1
chr6:136560473	255	0	2	1	1
chr6:136560631	255	0	2	1	1
chr6:136561386	132	0	2	1	1
chr6:136561410	75	0	2	1	1
chr6:136563781	255	0	2	1	1
chr6:136593078	255	0	2	1	1
chr6:136612247	255	0	2	1	1
chr6:136641174	203	0	2	1	1
chr6:136702755	183	0	2	1	1
chr6:136817120	255	0	2	1	1
chr6:136831297	253	0	2	1	1
chr6:136831354	251	0	2	1	1
chr6:136831649	206	0	2	1	1
chr6:136831664	255	0	2	1	1
chr6:136831700	229	0	2	1	1
chr6:136840037	187	0	2	1	1
chr6:136840043	193	0	2	1	1
chr6:136840047	144	0	2	1	1
chr6:136840091	182	0	2	1	1
chr6:136840106	255	0	2	1	1
chr6:136840191	255	0	2	1	1
chr6:136840424	255	0	2	1	1
chr6:136840479	255	0	2	1	1
chr6:136854621	255	0	2	1	1
chr6:136855027	255	0	2	1	1
chr6:136857168	203	0	2	1	1
chr6:136857180	196	0	2	1	1
chr6:136872651	255	0	2	1	1
chr6:136919892	255	0	2	1	1
chr6:137368083	137	0	2	1	1
chr6:137386358	255	0	2	1	1
chr6:137490304	237	0	2	1	1
chr6:137984451	255	0	2	1	1
chr6:138012099	167	0	2	1	1
chr6:138012137	247	0	2	1	1
chr6:138043412	255	0	2	1	1
chr6:138043449	255	0	2	1	1
chr6:138072953	255	0	2	1	1
chr6:138150808	255	0	2	1	1
chr6:139493395	255	0	2	1	1
chr6:140543743	161	0	2	1	1
chr6:140543941	255	0	2	1	1
chr6:140550894	255	0	2	1	1
chr6:140589266	255	0	2	1	1
chr6:141459209	255	0	2	1	1
chr6:141540178	255	0	2	1	1
chr6:141546820	255	0	2	1	1
chr6:141546832	255	0	2	1	1
chr6:141634521	255	0	2	1	1
chr6:141812769	255	0	2	1	1
chr6:141812783	242	0	2	1	1
chr6:141815574	255	0	2	1	1
chr6:141815604	255	0	2	1	1
chr6:141817795	128	0	2	1	1
chr6:141817817	128	0	2	1	1
chr6:141824988	208	0	2	1	1
chr6:141972303	62	0	2	1	1
chr6:141972392	82	0	2	1	1
chr6:141972405	111	0	2	1	1
chr6:141985600	255	0	2	1	1
chr6:141985621	239	0	2	1	1
chr6:141985622	234	0	2	1	1
chr6:141987718	71	0	2	1	1
chr6:141987719	88	0	2	1	1
chr6:141989182	125	0	2	1	1
chr6:141992438	221	0	2	1	1
chr6:141994223	150	0	2	1	1
chr6:142003479	255	0	2	1	1
chr6:142086426	139	0	2	1	1
chr6:142086547	184	0	2	1	1
chr6:142089907	171	0	2	1	1
chr6:142099393	255	0	2	1	1
chr6:142102990	104	0	2	1	1
chr6:142161046	91	0	2	1	1
chr6:142253099	255	0	2	1	1
chr6:142303311	255	0	2	1	1
chr6:142303463	255	0	2	1	1
chr6:142348569	255	0	2	1	1
chr6:142354753	255	0	2	1	1
chr6:142358435	255	0	2	1	1
chr6:142362862	255	0	2	1	1
chr6:142372869	169	0	2	1	1
chr6:142378207	255	0	2	1	1
chr6:142413864	255	0	2	1	1
chr6:142423558	255	0	2	1	1
chr6:142427355	255	0	2	1	1
chr6:142490563	255	0	2	1	1
chr6:142490584	255	0	2	1	1
chr6:142786392	255	0	2	1	1
chr6:142804383	255	0	2	1	1
chr6:143833521	255	0	2	1	1
chr6:145007744	171	0	2	1	1
chr6:145019348	255	0	2	1	1
chr6:145138202	255	0	2	1	1
chr6:145147649	101	0	2	1	1
chr6:145147656	83	0	2	1	1
chr6:145149356	255	0	2	1	1
chr6:145173747	255	0	2	1	1
chr6:145174670	255	0	2	1	1
chr6:145215388	255	0	2	1	1
chr6:145417461	223	0	2	1	1
chr6:145419749	255	0	2	1	1
chr6:145429909	255	0	2	1	1
chr6:145961482	255	0	2	1	1
chr6:146557605	255	0	2	1	1
chr6:146589962	191	0	2	1	1
chr6:146606155	255	0	2	1	1
chr6:146610943	148	0	2	1	1
chr6:146613432	247	0	2	1	1
chr6:146618539	255	0	2	1	1
chr6:146809710	255	0	2	1	1
chr6:146818831	255	0	2	1	1
chr6:146820551	255	0	2	1	1
chr6:146820569	255	0	2	1	1
chr6:146825200	154	0	2	1	1
chr6:146827266	255	0	2	1	1
chr6:146829729	59	0	2	1	1
chr6:146852636	130	0	2	1	1
chr6:146852656	110	0	2	1	1
chr6:146856134	255	0	2	1	1
chr6:146858940	255	0	2	1	1
chr6:146871310	255	0	2	1	1
chr6:146952958	255	0	2	1	1
chr6:146953394	255	0	2	1	1
chr6:147005977	255	0	2	1	1
chr6:147010034	231	0	2	1	1
chr6:147032971	255	0	2	1	1
chr6:147033271	255	0	2	1	1
chr6:147061446	255	0	2	1	1
chr6:147070737	255	0	2	1	1
chr6:147075128	255	0	2	1	1
chr6:147075176	203	0	2	1	1
chr6:147075228	253	0	2	1	1
chr6:147075291	255	0	2	1	1
chr6:147075340	255	0	2	1	1
chr6:147075503	255	0	2	1	1
chr6:147075522	144	0	2	1	1
chr6:147075710	151	0	2	1	1
chr6:147256965	241	0	2	1	1
chr6:147534127	255	0	2	1	1
chr6:147592082	255	0	2	1	1
chr6:147631677	255	0	2	1	1
chr6:148425959	255	0	2	1	1
chr6:148800210	255	0	2	1	1
chr7:3222537	255	0	2	1	1
chr7:13801414	132	0	2	1	1
chr7:13801435	175	0	2	1	1
chr7:24104416	87	0	2	1	1
chr7:24104830	255	0	2	1	1
chr7:24104972	255	0	2	1	1
chr7:24104995	255	0	2	1	1
chr7:24105281	63	0	2	1	1
chr7:38519610	255	0	2	1	1
chr7:38519625	255	0	2	1	1
chr7:38520007	255	0	2	1	1
chr7:38520414	255	0	2	1	1
chr7:38520435	255	0	2	1	1
chr7:38520490	167	0	2	1	1
chr7:38520517	65	0	2	1	1
chr7:43225857	63	0	2	1	1
chr7:79694304	253	0	2	1	1
chr7:79694560	213	0	2	1	1
chr7:79694655	188	0	2	1	1
chr7:79694677	212	0	2	1	1
chr7:79695003	255	0	2	1	1
chr7:79695130	255	0	2	1	1
chr7:102973309	255	0	2	1	1
chr7:108465371	255	0	2	1	1
chr7:120135179	255	0	2	1	1
chr7:122167650	255	0	2	1	1
chr7:126864803	255	0	2	1	1
chr7:131065072	255	255	2	0	2
chr7:141858623	255	0	2	1	1
chr7:141858900	255	0	2	1	1
chr8:26160882	255	0	2	1	1
chr8:102674037	122	0	2	1	1
chr8:122890181	255	0	2	1	1
chr8:123421140	165	0	2	1	1
chr8:123421156	139	0	2	1	1
chr9:18857309	255	0	2	1	1
chr9:18875584	108	0	2	1	1
chr9:18875662	85	0	2	1	1
chr9:18875860	91	0	2	1	1
chr9:18988087	67	0	2	1	1
chr9:19137146	255	0	2	1	1
chr9:19137235	255	0	2	1	1
chr9:19137365	255	0	2	1	1
chr9:19137569	62	0	2	1	1
chr9:19248773	161	0	2	1	1
chr9:19338724	96	0	2	1	1
chr9:19339164	121	0	2	1	1
chr9:19361019	255	0	2	1	1
chr9:19441684	248	0	2	1	1
chr9:19477708	255	0	2	1	1
chr9:19537120	255	0	2	1	1
chr9:19566476	142	0	2	1	1
chr9:19584825	255	0	2	1	1
chr9:19585223	252	0	2	1	1
chr9:19585314	224	0	2	1	1
chr9:19883462	255	0	2	1	1
chr9:20027908	67	0	2	1	1
chr9:20474981	255	0	2	1	1
chr9:20476446	255	0	2	1	1
chr9:20804934	186	0	2	1	1
chr9:20822667	255	0	2	1	1
chr9:20825291	255	0	2	1	1
chr9:20891865	255	0	2	1	1
chr9:20941354	255	0	2	1	1
chr9:21116027	255	0	2	1	1
chr9:21120634	255	0	2	1	1
chr9:21121684	255	0	2	1	1
chr9:21210862	255	0	2	1	1
chr9:21266919	255	0	2	1	1
chr9:21281130	255	0	2	1	1
chr9:21528937	255	0	2	1	1
chr9:21589992	255	0	2	1	1
chr9:21746409	255	0	2	1	1
chr9:21795305	255	0	2	1	1
chr9:21835572	255	0	2	1	1
chr9:21845518	255	0	2	1	1
chr9:21929467	255	0	2	1	1
chr9:22076518	255	0	2	1	1
chr9:22197128	255	0	2	1	1
chr9:22197152	255	0	2	1	1
chr9:22199455	255	0	2	1	1
chr9:22199569	255	0	2	1	1
chr9:22243149	255	0	2	1	1
chr9:22249292	255	0	2	1	1
chr9:22250290	255	0	2	1	1
chr9:22250319	255	0	2	1	1
chr9:22253937	231	0	2	1	1
chr9:22424313	255	0	2	1	1
chr9:22424620	255	0	2	1	1
chr9:23297256	255	0	2	1	1
chr9:24440829	190	0	2	1	1
chr9:24625670	250	0	2	1	1
chr9:25110697	255	0	2	1	1
chr9:25586785	255	0	2	1	1
chr9:26985542	255	0	2	1	1
chr9:27051664	255	0	2	1	1
chr9:27051665	255	0	2	1	1
chr9:27334664	255	0	2	1	1
chr9:44249891	255	0	2	1	1
chr9:44942695	255	0	2	1	1
chr9:49419408	255	0	2	1	1
chr9:103355216	148	0	2	1	1
chr9:103355225	170	0	2	1	1
chr10:58230988	113	0	2	1	1
chr10:58231168	150	0	2	1	1
chr10:58231225	182	0	2	1	1
chr10:58231226	153	0	2	1	1
chr10:58231344	255	255	2	0	2
chr10:58231387	58	0	2	1	1
chr10:58231793	211	0	2	1	1
chr10:58231924	255	0	2	1	1
chr10:58231988	233	0	2	1	1
chr10:67238174	255	0	2	1	1
chr10:81178702	216	0	2	1	1
chr10:82492194	121	0	2	1	1
chr10:82638847	255	0	2	1	1
chr10:82647345	255	0	2	1	1
chr10:82670307	255	0	2	1	1
chr10:83508124	255	0	2	1	1
chr10:85388329	151	0	2	1	1
chr10:86467097	255	0	2	1	1
chr10:86691704	255	0	2	1	1
chr10:86731086	255	0	2	1	1
chr10:86776504	255	0	2	1	1
chr10:86776652	255	0	2	1	1
chr10:86776664	255	0	2	1	1
chr10:86779206	70	0	2	1	1
chr10:86779267	189	0	2	1	1
chr10:86848120	255	0	2	1	1
chr10:86850628	255	0	2	1	1
chr10:86850851	255	0	2	1	1
chr10:86858183	255	0	2	1	1
chr10:86865017	255	0	2	1	1
chr10:86872653	255	0	2	1	1
chr10:86872728	255	0	2	1	1
chr10:86873894	255	0	2	1	1
chr10:86897981	255	0	2	1	1
chr10:86905631	255	0	2	1	1
chr10:86933327	255	0	2	1	1
chr10:86938052	255	0	2	1	1
chr10:86969772	255	0	2	1	1
chr10:86979990	255	0	2	1	1
chr10:87165105	255	0	2	1	1
chr10:87225901	172	0	2	1	1
chr10:87226012	255	0	2	1	1
chr10:88091308	255	0	2	1	1
chr10:88093169	255	0	2	1	1
chr10:88133128	255	0	2	1	1
chr10:88245799	255	0	2	1	1
chr10:88778418	255	0	2	1	1
chr10:88926259	255	0	2	1	1
chr10:89480555	143	0	2	1	1
chr10:89483407	255	0	2	1	1
chr10:89506533	255	0	2	1	1
chr10:89717207	255	0	2	1	1
chr10:89805511	255	0	2	1	1
chr10:89805549	255	0	2	1	1
chr10:89808612	255	0	2	1	1
chr10:91083278	255	0	2	1	1
chr10:91095828	255	0	2	1	1
chr10:91095986	255	0	2	1	1
chr10:91096507	255	0	2	1	1
chr10:91102056	255	0	2	1	1
chr10:92691895	255	0	2	1	1
chr10:93265081	255	0	2	1	1
chr10:93265185	255	0	2	1	1
chr10:93265293	255	0	2	1	1
chr10:93474948	255	0	2	1	1
chr10:93484722	221	0	2	1	1
chr10:93567732	255	0	2	1	1
chr10:93734207	255	0	2	1	1
chr10:93846041	255	0	2	1	1
chr10:93846147	255	0	2	1	1
chr10:93846485	255	0	2	1	1
chr10:93846678	255	0	2	1	1
chr10:93846720	255	0	2	1	1
chr10:93847307	255	0	2	1	1
chr10:93984320	93	0	2	1	1
chr10:93984418	255	0	2	1	1
chr10:93997017	255	0	2	1	1
chr10:94004034	130	0	2	1	1
chr10:94006961	173	0	2	1	1
chr10:94043662	255	0	2	1	1
chr10:94044070	255	0	2	1	1
chr10:94044142	255	0	2	1	1
chr10:94044388	225	0	2	1	1
chr10:94044834	255	0	2	1	1
chr10:94045194	255	0	2	1	1
chr10:94074205	255	0	2	1	1
chr10:94163743	255	0	2	1	1
chr10:94172021	255	0	2	1	1
chr10:94172024	255	0	2	1	1
chr10:100087361	255	0	2	1	1
chr10:100341470	255	0	2	1	1
chr10:100341670	73	0	2	1	1
chr10:100447185	84	0	2	1	1
chr10:100451428	255	0	2	1	1
chr10:100488594	165	0	2	1	1
chr10:100513965	177	0	2	1	1
chr10:100523240	96	0	2	1	1
chr10:100523321	122	0	2	1	1
chr10:100540459	208	0	2	1	1
chr10:100541729	252	0	2	1	1
chr10:100541761	233	0	2	1	1
chr10:100541806	244	0	2	1	1
chr10:100544978	255	0	2	1	1
chr10:100554526	216	0	2	1	1
chr10:100561373	97	0	2	1	1
chr10:100568831	193	0	2	1	1
chr10:100572117	255	0	2	1	1
chr10:100575803	255	0	2	1	1
chr10:100603521	255	0	2	1	1
chr10:100610640	255	0	2	1	1
chr10:105842702	255	0	2	1	1
chr10:119985534	255	0	2	1	1
chr10:121266896	255	0	2	1	1
chr10:121601341	235	0	2	1	1
chr10:121667433	232	0	2	1	1
chr10:121667492	255	0	2	1	1
chr10:121667544	255	0	2	1	1
chr10:121667584	255	0	2	1	1
chr10:121667639	255	0	2	1	1
chr10:121677356	255	0	2	1	1
chr10:127003427	255	0	2	1	1
chr10:127033026	255	0	2	1	1
chr10:127080762	255	0	2	1	1
chr10:127098409	215	0	2	1	1
chr10:127098546	159	0	2	1	1
chr10:127174816	255	0	2	1	1
chr10:127175011	255	0	2	1	1
chr10:127242712	255	0	2	1	1
chr10:127310081	255	0	2	1	1
chr10:127337039	255	0	2	1	1
chr10:127338481	255	0	2	1	1
chr10:127519393	255	0	2	1	1
chr10:127521031	255	0	2	1	1
chr10:127742253	255	0	2	1	1
chr10:127742453	255	0	2	1	1
chr10:127813546	255	0	2	1	1
chr10:127866821	255	0	2	1	1
chr10:128209385	255	0	2	1	1
chr11:3133098	255	255	2	0	2
chr11:3133133	255	255	2	0	2
chr11:3134472	255	255	2	0	2
chr11:3135671	255	0	2	1	1
chr11:3136635	255	255	2	0	2
chr11:3136657	255	255	2	0	2
chr11:3137013	255	255	2	0	2
chr11:3137040	255	255	2	0	2
chr11:3143747	255	255	2	0	2
chr11:3156809	255	255	2	0	2
chr11:3157903	255	255	2	0	2
chr11:3160122	255	255	2	0	2
chr11:3160125	255	255	2	0	2
chr11:3170601	255	255	2	0	2
chr11:3177466	146	0	2	1	1
chr11:3179430	255	255	2	0	2
chr11:3187367	255	255	2	0	2
chr11:3254620	255	0	2	1	1
chr11:4435031	255	0	2	1	1
chr11:4488107	255	0	2	1	1
chr11:5281282	255	0	2	1	1
chr11:5281389	255	0	2	1	1
chr11:5596752	255	0	2	1	1
chr11:5607418	255	0	2	1	1
chr11:5615561	255	0	2	1	1
chr11:5635233	255	0	2	1	1
chr11:5635263	255	0	2	1	1
chr11:5718231	123	0	2	1	1
chr11:5837699	255	0	2	1	1
chr11:5862203	255	0	2	1	1
chr11:5862393	255	0	2	1	1
chr11:6514873	255	0	2	1	1
chr11:6600038	255	0	2	1	1
chr11:6600161	255	0	2	1	1
chr11:6600357	255	0	2	1	1
chr11:6600714	255	0	2	1	1
chr11:7198314	255	0	2	1	1
chr11:9251376	59	0	2	1	1
chr11:9269151	255	0	2	1	1
chr11:9277013	255	0	2	1	1
chr11:9293499	255	0	2	1	1
chr11:9293617	255	0	2	1	1
chr11:9294545	255	0	2	1	1
chr11:9294559	255	0	2	1	1
chr11:9294781	255	0	2	1	1
chr11:9297261	255	0	2	1	1
chr11:9298539	255	0	2	1	1
chr11:9316166	224	0	2	1	1
chr11:9328117	255	0	2	1	1
chr11:9331615	255	0	2	1	1
chr11:9333176	128	0	2	1	1
chr11:9333292	241	0	2	1	1
chr11:9354911	255	0	2	1	1
chr11:9434299	255	0	2	1	1
chr11:9465004	255	0	2	1	1
chr11:9466465	255	0	2	1	1
chr11:12253960	255	0	2	1	1
chr11:14599447	255	0	2	1	1
chr11:14600005	255	0	2	1	1
chr11:17945963	255	0	2	1	1
chr11:17946041	255	0	2	1	1
chr11:20332387	165	0	2	1	1
chr11:22056907	255	0	2	1	1
chr11:22836934	255	0	2	1	1
chr11:26483183	255	0	2	1	1
chr11:26483225	255	0	2	1	1
chr11:29188059	255	0	2	1	1
chr11:29197096	158	0	2	1	1
chr11:29575518	58	0	2	1	1
chr11:29707134	255	0	2	1	1
chr11:29707798	255	0	2	1	1
chr11:30649370	255	0	2	1	1
chr11:30818132	255	0	2	1	1
chr11:30845192	128	0	2	1	1
chr11:30845203	144	0	2	1	1
chr11:30850621	255	0	2	1	1
chr11:30977580	255	0	2	1	1
chr11:31056121	255	0	2	1	1
chr11:31058902	255	0	2	1	1
chr11:31085012	204	0	2	1	1
chr11:31671653	255	0	2	1	1
chr11:31965802	255	0	2	1	1
chr11:31965928	255	0	2	1	1
chr11:32190671	205	0	2	1	1
chr11:32190868	255	0	2	1	1
chr11:32190953	243	0	2	1	1
chr11:32191030	252	0	2	1	1
chr11:32191045	209	0	2	1	1
chr11:32193306	255	0	2	1	1
chr11:32226580	255	0	2	1	1
chr11:32237325	255	0	2	1	1
chr11:32598557	255	0	2	1	1
chr11:32598562	255	0	2	1	1
chr11:34464878	255	0	2	1	1
chr11:34503379	255	0	2	1	1
chr11:34823362	250	0	2	1	1
chr11:43153305	255	0	2	1	1
chr11:43424829	255	0	2	1	1
chr11:44410164	255	0	2	1	1
chr11:44412527	255	0	2	1	1
chr11:44564197	255	0	2	1	1
chr11:46406783	67	0	2	1	1
chr11:46406886	119	0	2	1	1
chr11:46528416	255	0	2	1	1
chr11:46528591	255	0	2	1	1
chr11:46548438	80	0	2	1	1
chr11:46550397	180	0	2	1	1
chr11:46679660	255	0	2	1	1
chr11:46679661	255	0	2	1	1
chr11:46756150	255	0	2	1	1
chr11:54247598	255	0	2	1	1
chr11:54266977	255	0	2	1	1
chr11:54266989	255	0	2	1	1
chr11:54267162	255	0	2	1	1
chr11:54267183	255	0	2	1	1
chr11:54370917	255	0	2	1	1
chr11:54940825	255	0	2	1	1
chr11:54983317	255	0	2	1	1
chr11:55011725	255	0	2	1	1
chr11:55262499	255	0	2	1	1
chr11:55309799	255	0	2	1	1
chr11:56040278	255	0	2	1	1
chr11:57484032	255	0	2	1	1
chr11:57490114	255	0	2	1	1
chr11:57499755	137	0	2	1	1
chr11:57514234	255	0	2	1	1
chr11:57528040	255	0	2	1	1
chr11:57528076	255	0	2	1	1
chr11:57765688	255	0	2	1	1
chr11:58042340	255	0	2	1	1
chr11:58122289	255	0	2	1	1
chr11:58125218	255	0	2	1	1
chr11:58130071	255	0	2	1	1
chr11:58146519	255	0	2	1	1
chr11:58171695	255	0	2	1	1
chr11:58187802	255	0	2	1	1
chr11:58188081	255	0	2	1	1
chr11:58188239	255	0	2	1	1
chr11:58206343	255	0	2	1	1
chr11:58206965	255	0	2	1	1
chr11:58207118	255	0	2	1	1
chr11:58219513	243	0	2	1	1
chr11:58219563	166	0	2	1	1
chr11:58219912	255	0	2	1	1
chr11:58219954	255	0	2	1	1
chr11:58220007	255	0	2	1	1
chr11:58220098	255	0	2	1	1
chr11:58220125	255	0	2	1	1
chr11:58220412	255	0	2	1	1
chr11:58220563	255	0	2	1	1
chr11:58309033	255	0	2	1	1
chr11:58310018	255	0	2	1	1
chr11:58382775	255	0	2	1	1
chr11:58384649	232	0	2	1	1
chr11:58384663	189	0	2	1	1
chr11:58390245	76	0	2	1	1
chr11:58422201	255	0	2	1	1
chr11:58422234	255	0	2	1	1
chr11:58425799	255	0	2	1	1
chr11:58434541	255	0	2	1	1
chr11:58434832	131	0	2	1	1
chr11:58434860	138	0	2	1	1
chr11:58435411	247	0	2	1	1
chr11:58435483	255	0	2	1	1
chr11:58441009	255	0	2	1	1
chr11:58489748	174	0	2	1	1
chr11:58490297	255	0	2	1	1
chr11:58490488	255	0	2	1	1
chr11:58502461	255	0	2	1	1
chr11:58502570	255	0	2	1	1
chr11:58543446	255	0	2	1	1
chr11:58551561	255	0	2	1	1
chr11:58551975	255	0	2	1	1
chr11:58552114	255	0	2	1	1
chr11:58566562	255	0	2	1	1
chr11:58566695	255	0	2	1	1
chr11:58567094	255	0	2	1	1
chr11:58580924	255	0	2	1	1
chr11:58580931	231	0	2	1	1
chr11:58581296	255	0	2	1	1
chr11:58581657	255	0	2	1	1
chr11:58597518	255	0	2	1	1
chr11:58597530	255	0	2	1	1
chr11:58597665	255	0	2	1	1
chr11:58597950	255	0	2	1	1
chr11:58608509	255	0	2	1	1
chr11:58612561	255	0	2	1	1
chr11:58612571	255	0	2	1	1
chr11:58625762	178	0	2	1	1
chr11:58625793	203	0	2	1	1
chr11:58625906	255	0	2	1	1
chr11:58640858	239	0	2	1	1
chr11:58647089	255	0	2	1	1
chr11:58651660	255	0	2	1	1
chr11:58666120	255	0	2	1	1
chr11:58666516	255	0	2	1	1
chr11:58684257	229	0	2	1	1
chr11:58684722	255	0	2	1	1
chr11:58701958	255	0	2	1	1
chr11:58702396	255	0	2	1	1
chr11:58720371	237	0	2	1	1
chr11:58720573	70	0	2	1	1
chr11:58732215	255	0	2	1	1
chr11:58757805	135	0	2	1	1
chr11:58757873	174	0	2	1	1
chr11:58757967	255	0	2	1	1
chr11:58758069	255	0	2	1	1
chr11:58758105	255	0	2	1	1
chr11:58817061	255	0	2	1	1
chr11:58817296	255	0	2	1	1
chr11:58817394	155	0	2	1	1
chr11:58817682	230	0	2	1	1
chr11:58841119	255	0	2	1	1
chr11:58841789	255	0	2	1	1
chr11:58878844	255	0	2	1	1
chr11:58880013	255	0	2	1	1
chr11:58880309	255	0	2	1	1
chr11:58880360	255	0	2	1	1
chr11:58880564	255	0	2	1	1
chr11:58880565	255	0	2	1	1
chr11:58889867	255	0	2	1	1
chr11:58890779	255	0	2	1	1
chr11:58891316	255	0	2	1	1
chr11:58891358	255	0	2	1	1
chr11:58891539	255	0	2	1	1
chr11:58900581	229	0	2	1	1
chr11:58900583	236	0	2	1	1
chr11:58919312	150	0	2	1	1
chr11:58926877	255	0	2	1	1
chr11:58970446	255	0	2	1	1
chr11:59000884	255	0	2	1	1
chr11:59013110	255	0	2	1	1
chr11:59013188	255	0	2	1	1
chr11:59031108	255	0	2	1	1
chr11:59038459	255	0	2	1	1
chr11:59039150	102	0	2	1	1
chr11:59039164	104	0	2	1	1
chr11:59041775	110	0	2	1	1
chr11:59042950	255	0	2	1	1
chr11:59043027	255	0	2	1	1
chr11:59043052	255	0	2	1	1
chr11:59049788	255	0	2	1	1
chr11:59051263	255	0	2	1	1
chr11:59051557	255	0	2	1	1
chr11:59052613	255	0	2	1	1
chr11:59053825	255	0	2	1	1
chr11:59054218	236	0	2	1	1
chr11:59054350	255	0	2	1	1
chr11:59055505	226	0	2	1	1
chr11:59055514	102	0	2	1	1
chr11:59056110	255	0	2	1	1
chr11:59060997	80	0	2	1	1
chr11:59063474	141	0	2	1	1
chr11:59063576	255	0	2	1	1
chr11:59069931	255	0	2	1	1
chr11:59076137	255	0	2	1	1
chr11:59079896	255	0	2	1	1
chr11:59080281	255	0	2	1	1
chr11:59086685	255	0	2	1	1
chr11:59086701	241	0	2	1	1
chr11:59086739	215	0	2	1	1
chr11:59093316	255	0	2	1	1
chr11:59093413	180	0	2	1	1
chr11:59093508	74	0	2	1	1
chr11:59093509	145	0	2	1	1
chr11:59093559	255	0	2	1	1
chr11:59103349	218	0	2	1	1
chr11:59107981	255	0	2	1	1
chr11:59112554	255	0	2	1	1
chr11:59115733	213	0	2	1	1
chr11:59122737	238	0	2	1	1
chr11:59124760	255	0	2	1	1
chr11:59124761	255	0	2	1	1
chr11:59128066	251	0	2	1	1
chr11:59129687	217	0	2	1	1
chr11:59130623	255	0	2	1	1
chr11:59133246	255	0	2	1	1
chr11:59135679	248	0	2	1	1
chr11:59161555	255	0	2	1	1
chr11:59161558	255	0	2	1	1
chr11:59176433	90	0	2	1	1
chr11:59204589	255	0	2	1	1
chr11:59375603	255	0	2	1	1
chr11:59463105	95	0	2	1	1
chr11:59487329	255	0	2	1	1
chr11:60187563	255	0	2	1	1
chr11:60206235	255	0	2	1	1
chr11:60241856	255	0	2	1	1
chr11:60477716	255	0	2	1	1
chr11:60478315	255	0	2	1	1
chr11:60479620	255	0	2	1	1
chr11:60504367	255	0	2	1	1
chr11:60730992	255	0	2	1	1
chr11:60779106	255	0	2	1	1
chr11:61066752	149	0	2	1	1
chr11:61066927	255	0	2	1	1
chr11:61147017	202	0	2	1	1
chr11:61147613	255	0	2	1	1
chr11:61155815	255	0	2	1	1
chr11:61214251	207	0	2	1	1
chr11:61216385	255	0	2	1	1
chr11:61703194	255	0	2	1	1
chr11:61703272	255	0	2	1	1
chr11:62265370	255	0	2	1	1
chr11:62820602	255	0	2	1	1
chr11:62820676	255	0	2	1	1
chr11:62836817	255	0	2	1	1
chr11:62840746	255	0	2	1	1
chr11:62840849	158	0	2	1	1
chr11:62847292	255	0	2	1	1
chr11:62876845	255	0	2	1	1
chr11:62881943	246	0	2	1	1
chr11:63889723	255	0	2	1	1
chr11:65184592	255	0	2	1	1
chr11:65918824	255	0	2	1	1
chr11:65927625	255	0	2	1	1
chr11:66085174	255	0	2	1	1
chr11:66147381	255	0	2	1	1
chr11:67289653	255	0	2	1	1
chr11:67364495	205	0	2	1	1
chr11:67709568	255	0	2	1	1
chr11:67709644	71	0	2	1	1
chr11:67742218	255	0	2	1	1
chr11:67855875	255	0	2	1	1
chr11:67855935	255	0	2	1	1
chr11:67875320	255	0	2	1	1
chr11:69236603	255	0	2	1	1
chr11:69305578	255	0	2	1	1
chr11:69308056	255	0	2	1	1
chr11:69348445	255	0	2	1	1
chr11:69361451	255	0	2	1	1
chr11:69395202	255	0	2	1	1
chr11:69395272	255	0	2	1	1
chr11:69539462	255	0	2	1	1
chr11:69805101	255	0	2	1	1
chr11:69828394	255	0	2	1	1
chr11:69855770	131	0	2	1	1
chr11:69946122	255	0	2	1	1
chr11:70031230	255	0	2	1	1
chr11:70136740	255	0	2	1	1
chr11:70316011	255	0	2	1	1
chr11:70317868	255	0	2	1	1
chr11:70320759	255	0	2	1	1
chr11:70344928	255	0	2	1	1
chr11:70344929	255	0	2	1	1
chr11:70395453	255	0	2	1	1
chr11:70460982	205	0	2	1	1
chr11:70724114	255	0	2	1	1
chr11:70771244	255	0	2	1	1
chr11:70974933	255	0	2	1	1
chr11:70975021	255	0	2	1	1
chr11:71033236	255	0	2	1	1
chr11:71092243	255	0	2	1	1
chr11:71097251	109	0	2	1	1
chr11:71124088	255	0	2	1	1
chr11:71181799	191	0	2	1	1
chr11:71182440	237	0	2	1	1
chr11:71182454	250	0	2	1	1
chr11:71182544	65	0	2	1	1
chr11:71182552	91	0	2	1	1
chr11:71182570	94	0	2	1	1
chr11:73103887	255	0	2	1	1
chr11:73103960	255	0	2	1	1
chr11:73115640	255	0	2	1	1
chr11:73118087	255	0	2	1	1
chr11:73121931	255	0	2	1	1
chr11:73121957	255	0	2	1	1
chr11:73134127	255	0	2	1	1
chr11:73137348	255	0	2	1	1
chr11:73137951	255	0	2	1	1
chr11:76211080	255	0	2	1	1
chr11:76244077	148	0	2	1	1
chr11:76247395	255	0	2	1	1
chr11:76407117	255	0	2	1	1
chr11:77010556	255	0	2	1	1
chr11:77013032	255	0	2	1	1
chr11:78483567	165	0	2	1	1
chr11:78937590	228	0	2	1	1
chr11:78957491	255	0	2	1	1
chr11:78968027	255	0	2	1	1
chr11:78969784	255	0	2	1	1
chr11:79547199	255	0	2	1	1
chr11:79680908	255	0	2	1	1
chr11:87404399	137	0	2	1	1
chr11:87761645	255	0	2	1	1
chr11:87776294	255	0	2	1	1
chr11:87777962	158	0	2	1	1
chr11:87795863	255	0	2	1	1
chr11:87797531	255	0	2	1	1
chr11:87810208	255	0	2	1	1
chr11:87814297	255	0	2	1	1
chr11:87817830	255	0	2	1	1
chr11:87856867	255	0	2	1	1
chr11:87862767	255	0	2	1	1
chr11:87874953	255	0	2	1	1
chr11:87875134	255	0	2	1	1
chr11:87889188	255	0	2	1	1
chr11:87889447	240	0	2	1	1
chr11:87889611	255	0	2	1	1
chr11:87893091	255	0	2	1	1
chr11:87893886	255	0	2	1	1
chr11:87914522	255	0	2	1	1
chr11:87914898	255	0	2	1	1
chr11:88073489	255	0	2	1	1
chr11:88184672	255	0	2	1	1
chr11:88687493	205	0	2	1	1
chr11:88844377	255	0	2	1	1
chr11:88844816	255	0	2	1	1
chr11:88844860	255	0	2	1	1
chr11:88845596	255	0	2	1	1
chr11:88952543	255	0	2	1	1
chr11:88955338	255	0	2	1	1
chr11:88981209	255	0	2	1	1
chr11:88999983	255	0	2	1	1
chr11:89009210	255	0	2	1	1
chr11:89015754	255	0	2	1	1
chr11:89055474	255	0	2	1	1
chr11:89391996	255	0	2	1	1
chr11:89392081	255	0	2	1	1
chr11:89418867	96	0	2	1	1
chr11:90035361	219	0	2	1	1
chr11:90480671	255	0	2	1	1
chr11:94238175	255	0	2	1	1
chr11:94372874	255	0	2	1	1
chr11:94457120	255	0	2	1	1
chr11:94845511	255	0	2	1	1
chr11:94845867	153	0	2	1	1
chr11:94846619	172	0	2	1	1
chr11:94849253	255	0	2	1	1
chr11:94968119	255	0	2	1	1
chr11:94968209	255	0	2	1	1
chr11:94971347	255	0	2	1	1
chr11:97336983	255	0	2	1	1
chr11:97337192	255	0	2	1	1
chr11:97338279	255	0	2	1	1
chr11:97339193	255	0	2	1	1
chr11:97491100	255	0	2	1	1
chr11:97752742	255	0	2	1	1
chr11:97940908	255	0	2	1	1
chr11:97956514	255	0	2	1	1
chr11:98042573	255	0	2	1	1
chr11:98155926	255	0	2	1	1
chr11:98157090	255	0	2	1	1
chr11:98204403	255	0	2	1	1
chr11:98421027	255	0	2	1	1
chr11:98490413	255	0	2	1	1
chr11:98771916	180	0	2	1	1
chr11:99071404	255	0	2	1	1
chr11:99243975	255	0	2	1	1
chr11:99374785	255	0	2	1	1
chr11:99389322	207	0	2	1	1
chr11:99418396	255	0	2	1	1
chr11:99432951	255	0	2	1	1
chr11:99435475	255	0	2	1	1
chr11:99438027	255	0	2	1	1
chr11:99516616	255	0	2	1	1
chr11:99540111	255	0	2	1	1
chr11:99540137	255	0	2	1	1
chr11:99591126	255	0	2	1	1
chr11:99597975	254	0	2	1	1
chr11:99597981	255	0	2	1	1
chr11:99627858	230	0	2	1	1
chr11:99634666	147	0	2	1	1
chr11:99634750	161	0	2	1	1
chr11:99837717	255	0	2	1	1
chr11:103074638	255	0	2	1	1
chr11:105346217	255	0	2	1	1
chr11:106326839	255	0	2	1	1
chr11:106779286	255	0	2	1	1
chr11:107054989	255	0	2	1	1
chr11:108486632	255	0	2	1	1
chr11:108519915	255	0	2	1	1
chr11:110182932	255	0	2	1	1
chr11:110188644	255	0	2	1	1
chr11:110212317	255	0	2	1	1
chr11:110250474	255	0	2	1	1
chr11:110285733	234	0	2	1	1
chr11:110490856	255	0	2	1	1
chr11:111024736	255	0	2	1	1
chr11:113656262	255	0	2	1	1
chr11:113656469	255	0	2	1	1
chr11:113709281	255	0	2	1	1
chr11:113709338	255	0	2	1	1
chr11:113709359	255	0	2	1	1
chr11:114696707	255	0	2	1	1
chr11:114806174	192	0	2	1	1
chr11:115341034	255	0	2	1	1
chr11:115441218	255	0	2	1	1
chr11:115446791	255	0	2	1	1
chr11:115570043	255	0	2	1	1
chr11:115609643	255	0	2	1	1
chr11:115800454	255	0	2	1	1
chr11:115820488	255	0	2	1	1
chr11:115850112	255	0	2	1	1
chr11:115854328	192	0	2	1	1
chr11:115894703	255	0	2	1	1
chr11:115928308	198	0	2	1	1
chr11:115991899	255	0	2	1	1
chr11:116006569	255	0	2	1	1
chr11:116345943	255	0	2	1	1
chr11:116539432	255	0	2	1	1
chr11:116765889	255	0	2	1	1
chr11:116766541	135	0	2	1	1
chr11:116769324	255	0	2	1	1
chr11:116843067	154	0	2	1	1
chr11:116984899	255	0	2	1	1
chr11:117766314	255	0	2	1	1
chr11:117828119	255	0	2	1	1
chr11:117870496	255	0	2	1	1
chr11:118005610	255	0	2	1	1
chr11:118268995	255	0	2	1	1
chr11:118269161	255	0	2	1	1
chr11:118272182	255	0	2	1	1
chr11:118333744	255	0	2	1	1
chr11:118333968	255	0	2	1	1
chr11:118355036	247	0	2	1	1
chr11:118393197	255	0	2	1	1
chr11:119275166	255	0	2	1	1
chr11:119283313	255	0	2	1	1
chr11:119350944	255	0	2	1	1
chr11:119356959	255	0	2	1	1
chr11:119507282	255	0	2	1	1
chr11:119507309	255	0	2	1	1
chr11:119507420	255	0	2	1	1
chr11:120012805	255	0	2	1	1
chr11:120065911	255	0	2	1	1
chr11:120362322	255	0	2	1	1
chr11:120654284	255	0	2	1	1
chr11:121037118	255	0	2	1	1
chr11:121055828	95	0	2	1	1
chr11:121055854	107	0	2	1	1
chr11:121055965	68	0	2	1	1
chr11:121069695	255	0	2	1	1
chr11:121116679	255	0	2	1	1
chr11:121146873	255	0	2	1	1
chr11:121147051	255	0	2	1	1
chr12:69228163	255	0	2	1	1
chr12:87895659	112	0	2	1	1
chr13:21468303	255	0	2	1	1
chr13:49661807	255	0	2	1	1
chr13:53117204	255	255	2	0	2
chr13:64921972	255	0	2	1	1
chr13:73328436	255	0	2	1	1
chr13:74356630	255	0	2	1	1
chr13:93063579	255	0	2	1	1
chr13:119477808	255	0	2	1	1
chr13:119492639	140	0	2	1	1
chr13:119492809	113	0	2	1	1
chr14:7090770	248	0	2	1	1
chr14:7884732	255	255	2	0	2
chr14:7984145	255	255	2	0	2
chr14:8164022	255	255	2	0	2
chr14:12822682	255	72	2	0	2
chr14:19789772	255	255	2	0	2
chr14:20448589	255	160	2	0	2
chr14:20464940	255	255	2	0	2
chr14:20686566	255	255	2	0	2
chr14:20730049	255	255	2	0	2
chr14:21668351	255	255	2	0	2
chr14:21669506	255	255	2	0	2
chr14:21750679	142	18	2	0	2
chr14:21780153	255	255	2	0	2
chr14:26665940	196	63	2	0	2
chr14:26669243	255	202	2	0	2
chr14:26911851	255	255	2	0	2
chr14:27000870	255	255	2	0	2
chr14:27001378	255	255	2	0	2
chr14:27002073	255	208	2	0	2
chr14:27101312	255	255	2	0	2
chr14:27446508	113	0	2	1	1
chr14:28475705	255	0	2	1	1
chr14:30031146	110	0	2	1	1
chr14:30031171	173	0	2	1	1
chr14:30031206	242	0	2	1	1
chr14:30896582	255	0	2	1	1
chr14:30911944	255	0	2	1	1
chr14:30923467	255	0	2	1	1
chr14:30937015	255	0	2	1	1
chr14:43819312	94	0	2	1	1
chr14:43819313	92	0	2	1	1
chr14:43962489	220	0	2	1	1
chr14:43962572	66	0	2	1	1
chr14:43962576	69	0	2	1	1
chr14:44103023	234	0	2	1	1
chr14:44103041	206	0	2	1	1
chr14:44103061	255	0	2	1	1
chr14:44103191	255	0	2	1	1
chr14:44103227	141	0	2	1	1
chr14:44103317	255	0	2	1	1
chr14:45657393	255	0	2	1	1
chr14:47245336	255	0	2	1	1
chr14:47245363	255	0	2	1	1
chr14:47263520	255	0	2	1	1
chr14:47267029	255	0	2	1	1
chr14:47388018	255	0	2	1	1
chr14:47390542	255	0	2	1	1
chr14:47394214	255	0	2	1	1
chr14:47394215	255	0	2	1	1
chr14:47395829	255	0	2	1	1
chr14:47395930	255	0	2	1	1
chr14:47401530	255	0	2	1	1
chr14:47401562	255	0	2	1	1
chr14:47405823	255	0	2	1	1
chr14:47411741	229	0	2	1	1
chr14:47529296	255	0	2	1	1
chr14:47529688	255	0	2	1	1
chr14:47529773	255	0	2	1	1
chr14:47530238	255	0	2	1	1
chr14:47695543	222	0	2	1	1
chr14:47706470	255	0	2	1	1
chr14:47706476	255	0	2	1	1
chr14:48256301	255	0	2	1	1
chr14:48451954	255	0	2	1	1
chr14:48473970	255	0	2	1	1
chr14:48477665	255	0	2	1	1
chr14:48480334	255	0	2	1	1
chr14:48484958	188	0	2	1	1
chr14:48486819	255	0	2	1	1
chr14:48505391	255	0	2	1	1
chr14:48659181	255	0	2	1	1
chr14:49073581	148	0	2	1	1
chr14:49073607	203	0	2	1	1
chr14:49078841	255	0	2	1	1
chr14:49172968	227	0	2	1	1
chr14:49173178	255	0	2	1	1
chr14:49226576	255	0	2	1	1
chr14:49232863	255	0	2	1	1
chr14:49245103	255	0	2	1	1
chr14:49245191	255	0	2	1	1
chr14:49318984	255	0	2	1	1
chr14:49751500	255	0	2	1	1
chr14:49768489	255	0	2	1	1
chr14:49770385	255	0	2	1	1
chr14:49770451	255	0	2	1	1
chr14:49770579	148	0	2	1	1
chr14:49770612	147	0	2	1	1
chr14:49773197	255	0	2	1	1
chr14:49773393	182	0	2	1	1
chr14:49773510	88	0	2	1	1
chr14:49773625	255	0	2	1	1
chr14:49773633	247	0	2	1	1
chr14:49773764	255	0	2	1	1
chr14:49773831	255	0	2	1	1
chr14:49773839	255	0	2	1	1
chr14:49773932	255	0	2	1	1
chr14:49773933	255	0	2	1	1
chr14:49774168	91	0	2	1	1
chr14:49929127	255	0	2	1	1
chr14:49929485	255	0	2	1	1
chr14:49960750	255	0	2	1	1
chr14:49960824	235	0	2	1	1
chr14:49961013	255	0	2	1	1
chr14:50034450	156	0	2	1	1
chr14:50035191	255	0	2	1	1
chr14:50084523	255	0	2	1	1
chr14:50126735	255	0	2	1	1
chr14:50139968	185	18	2	0	2
chr14:50186768	255	0	2	1	1
chr14:50238435	143	0	2	1	1
chr14:50281812	255	0	2	1	1
chr14:50299235	255	0	2	1	1
chr14:50361235	255	0	2	1	1
chr14:50361334	255	0	2	1	1
chr14:50361681	255	0	2	1	1
chr14:50361716	255	0	2	1	1
chr14:50361913	255	0	2	1	1
chr14:50361980	255	0	2	1	1
chr14:50413580	255	0	2	1	1
chr14:50413619	255	0	2	1	1
chr14:50424696	255	0	2	1	1
chr14:50424742	230	0	2	1	1
chr14:50425115	133	0	2	1	1
chr14:50425133	182	0	2	1	1
chr14:50453076	255	0	2	1	1
chr14:50453185	255	0	2	1	1
chr14:50453918	255	0	2	1	1
chr14:50485620	255	0	2	1	1
chr14:50485868	255	0	2	1	1
chr14:50515379	255	0	2	1	1
chr14:50515629	226	0	2	1	1
chr14:50515645	188	0	2	1	1
chr14:50515761	108	0	2	1	1
chr14:50533514	223	0	2	1	1
chr14:50534212	255	0	2	1	1
chr14:50643256	158	0	2	1	1
chr14:50653315	103	0	2	1	1
chr14:50653485	237	0	2	1	1
chr14:50653722	179	0	2	1	1
chr14:50653826	192	0	2	1	1
chr14:50653900	194	0	2	1	1
chr14:50710995	169	0	2	1	1
chr14:50772550	255	0	2	1	1
chr14:50777795	247	0	2	1	1
chr14:50792045	255	0	2	1	1
chr14:50810562	255	0	2	1	1
chr14:50816249	255	0	2	1	1
chr14:50820856	255	0	2	1	1
chr14:50824820	125	0	2	1	1
chr14:50824890	255	0	2	1	1
chr14:50837148	255	0	2	1	1
chr14:50837421	255	0	2	1	1
chr14:50837696	255	0	2	1	1
chr14:50847005	255	0	2	1	1
chr14:50854230	255	0	2	1	1
chr14:50855613	255	0	2	1	1
chr14:50860976	255	0	2	1	1
chr14:50862904	255	0	2	1	1
chr14:50868233	255	0	2	1	1
chr14:50868261	255	0	2	1	1
chr14:50868273	255	0	2	1	1
chr14:50893065	255	0	2	1	1
chr14:50919777	255	0	2	1	1
chr14:50919981	251	0	2	1	1
chr14:50927933	255	0	2	1	1
chr14:50950897	255	0	2	1	1
chr14:50963153	216	0	2	1	1
chr14:50963206	255	0	2	1	1
chr14:51007974	255	0	2	1	1
chr14:51038997	255	0	2	1	1
chr14:51049788	255	0	2	1	1
chr14:51049798	255	0	2	1	1
chr14:51049994	255	0	2	1	1
chr14:51071364	255	0	2	1	1
chr14:51071366	255	0	2	1	1
chr14:51104957	255	0	2	1	1
chr14:51130276	255	0	2	1	1
chr14:51145856	255	0	2	1	1
chr14:51195631	255	0	2	1	1
chr14:51195632	255	0	2	1	1
chr14:51204017	255	0	2	1	1
chr14:51255539	255	0	2	1	1
chr14:51255632	206	0	2	1	1
chr14:51255645	255	0	2	1	1
chr14:51255668	255	0	2	1	1
chr14:51255812	255	0	2	1	1
chr14:51255828	146	0	2	1	1
chr14:51255845	255	0	2	1	1
chr14:51413208	87	0	2	1	1
chr14:51413253	61	0	2	1	1
chr14:51418277	255	0	2	1	1
chr14:51455971	208	0	2	1	1
chr14:51456115	125	0	2	1	1
chr14:51456267	93	0	2	1	1
chr14:51456477	124	0	2	1	1
chr14:51457493	240	0	2	1	1
chr14:51553129	255	0	2	1	1
chr14:51655883	81	0	2	1	1
chr14:51711958	255	0	2	1	1
chr14:51713710	243	0	2	1	1
chr14:51715991	255	0	2	1	1
chr14:51764159	90	0	2	1	1
chr14:51764167	62	0	2	1	1
chr14:51764364	255	0	2	1	1
chr14:51802534	246	0	2	1	1
chr14:51802640	255	0	2	1	1
chr14:51804600	255	0	2	1	1
chr14:51805478	255	0	2	1	1
chr14:51826031	255	0	2	1	1
chr14:51826108	255	0	2	1	1
chr14:51854076	252	0	2	1	1
chr14:51854077	255	0	2	1	1
chr14:51854235	255	0	2	1	1
chr14:51854331	255	0	2	1	1
chr14:51885302	255	0	2	1	1
chr14:51885405	240	0	2	1	1
chr14:51888754	255	0	2	1	1
chr14:51918851	225	0	2	1	1
chr14:51922660	255	0	2	1	1
chr14:51989641	255	0	2	1	1
chr14:51990110	255	0	2	1	1
chr14:51996358	255	0	2	1	1
chr14:51997690	255	0	2	1	1
chr14:52017114	255	0	2	1	1
chr14:52035185	120	0	2	1	1
chr14:52035202	176	0	2	1	1
chr14:52035863	67	0	2	1	1
chr14:52036094	255	0	2	1	1
chr14:52112210	255	0	2	1	1
chr14:52114672	255	0	2	1	1
chr14:52114716	255	0	2	1	1
chr14:52119267	255	0	2	1	1
chr14:52119308	219	0	2	1	1
chr14:52119390	255	0	2	1	1
chr14:52126344	255	0	2	1	1
chr14:52136773	255	0	2	1	1
chr14:52138831	255	0	2	1	1
chr14:52140673	255	0	2	1	1
chr14:52147352	255	0	2	1	1
chr14:52149317	255	0	2	1	1
chr14:52149465	133	0	2	1	1
chr14:52150475	255	0	2	1	1
chr14:52204942	255	0	2	1	1
chr14:52205053	255	0	2	1	1
chr14:52291544	255	0	2	1	1
chr14:52299938	255	0	2	1	1
chr14:52313266	255	0	2	1	1
chr14:52313442	189	0	2	1	1
chr14:52315418	255	0	2	1	1
chr14:52349151	72	0	2	1	1
chr14:52349153	90	0	2	1	1
chr14:52390321	255	0	2	1	1
chr14:52390740	255	0	2	1	1
chr14:52390741	255	0	2	1	1
chr14:52410563	255	0	2	1	1
chr14:52463650	255	0	2	1	1
chr14:52490815	255	0	2	1	1
chr14:54262914	255	0	2	1	1
chr14:54282748	255	0	2	1	1
chr14:54360907	255	0	2	1	1
chr14:54361382	255	0	2	1	1
chr14:54361401	233	0	2	1	1
chr14:54363382	229	0	2	1	1
chr14:54469367	255	0	2	1	1
chr14:54476309	255	0	2	1	1
chr14:54514832	255	0	2	1	1
chr14:54542416	255	0	2	1	1
chr14:54544277	255	0	2	1	1
chr14:54550030	127	0	2	1	1
chr14:54626122	255	0	2	1	1
chr14:54632351	187	0	2	1	1
chr14:54633233	255	0	2	1	1
chr14:54633564	255	0	2	1	1
chr14:54636351	255	0	2	1	1
chr14:54638078	255	0	2	1	1
chr14:54638096	255	0	2	1	1
chr14:54645673	255	0	2	1	1
chr14:54662195	255	0	2	1	1
chr14:54664538	255	0	2	1	1
chr14:54664632	255	0	2	1	1
chr14:54664726	207	0	2	1	1
chr14:54664791	255	0	2	1	1
chr14:54664911	255	0	2	1	1
chr14:54665190	255	0	2	1	1
chr14:54689940	255	0	2	1	1
chr14:54690172	255	0	2	1	1
chr14:54758472	255	0	2	1	1
chr14:54857382	255	0	2	1	1
chr14:54857432	255	0	2	1	1
chr14:54908503	255	0	2	1	1
chr14:54917114	255	0	2	1	1
chr14:54920545	255	0	2	1	1
chr14:54936679	255	0	2	1	1
chr14:54937998	255	0	2	1	1
chr14:55021861	255	0	2	1	1
chr14:55065143	255	0	2	1	1
chr14:55065775	255	0	2	1	1
chr14:55066701	255	0	2	1	1
chr14:55066702	255	0	2	1	1
chr14:55067231	255	0	2	1	1
chr14:55070563	255	0	2	1	1
chr14:55074343	255	0	2	1	1
chr14:55075199	255	0	2	1	1
chr14:55486133	255	0	2	1	1
chr14:55542468	255	0	2	1	1
chr14:55548460	255	0	2	1	1
chr14:55580769	255	0	2	1	1
chr14:55595500	255	0	2	1	1
chr14:55712664	255	0	2	1	1
chr14:55752908	255	0	2	1	1
chr14:55787320	255	0	2	1	1
chr14:55787322	255	0	2	1	1
chr14:55787892	255	0	2	1	1
chr14:55826460	255	0	2	1	1
chr14:55830018	255	0	2	1	1
chr14:56082926	255	0	2	1	1
chr14:56085169	255	0	2	1	1
chr14:56129695	255	0	2	1	1
chr15:3977910	255	0	2	1	1
chr15:3979418	82	0	2	1	1
chr15:4938423	255	0	2	1	1
chr15:5099456	255	0	2	1	1
chr15:8216428	255	0	2	1	1
chr15:9310535	255	0	2	1	1
chr15:9612506	255	0	2	1	1
chr15:10314222	255	0	2	1	1
chr15:10328867	255	0	2	1	1
chr15:10496004	255	0	2	1	1
chr15:10575699	255	0	2	1	1
chr15:11311464	255	0	2	1	1
chr15:11384042	255	0	2	1	1
chr15:12821444	255	0	2	1	1
chr15:25732087	255	0	2	1	1
chr15:26409122	255	0	2	1	1
chr15:26543736	255	0	2	1	1
chr15:34273339	181	0	2	1	1
chr15:34388726	228	0	2	1	1
chr15:34609241	255	0	2	1	1
chr15:34625011	97	0	2	1	1
chr15:35841477	255	0	2	1	1
chr15:39035148	255	0	2	1	1
chr15:39118881	255	0	2	1	1
chr15:39755182	255	0	2	1	1
chr15:39760341	255	0	2	1	1
chr15:41819897	255	0	2	1	1
chr15:41820278	255	0	2	1	1
chr15:41820284	255	0	2	1	1
chr15:41820327	255	0	2	1	1
chr15:41865883	255	0	2	1	1
chr15:41866333	255	0	2	1	1
chr15:41869025	255	0	2	1	1
chr15:41869494	255	0	2	1	1
chr15:42496251	255	0	2	1	1
chr15:44746395	255	0	2	1	1
chr15:44787720	255	0	2	1	1
chr15:45109081	255	0	2	1	1
chr15:51969961	255	0	2	1	1
chr15:52040489	94	0	2	1	1
chr15:53860135	255	0	2	1	1
chr15:54252313	255	0	2	1	1
chr15:54252338	255	0	2	1	1
chr15:54256095	255	0	2	1	1
chr15:54256164	255	0	2	1	1
chr15:54845847	255	0	2	1	1
chr15:55045761	255	0	2	1	1
chr15:58874046	255	0	2	1	1
chr15:60015229	255	0	2	1	1
chr15:63825102	255	0	2	1	1
chr15:71463885	255	255	2	0	2
chr15:71463891	255	255	2	0	2
chr15:71463969	255	255	2	0	2
chr15:71806227	255	196	2	0	2
chr15:71894851	255	255	2	0	2
chr15:75713294	255	255	2	0	2
chr15:76103537	151	0	2	1	1
chr15:76352871	255	255	2	0	2
chr15:76474848	255	255	2	0	2
chr15:76593485	255	255	2	0	2
chr15:76626339	255	255	2	0	2
chr15:76630928	255	255	2	0	2
chr15:76632792	255	255	2	0	2
chr15:76662816	255	255	2	0	2
chr15:76707129	255	255	2	0	2
chr15:76715429	255	255	2	0	2
chr15:76869852	255	255	2	0	2
chr15:76888316	255	255	2	0	2
chr15:77423236	171	0	2	1	1
chr15:77528832	255	255	2	0	2
chr15:77585482	255	255	2	0	2
chr15:77585587	255	255	2	0	2
chr15:77585649	255	255	2	0	2
chr15:77634917	255	0	2	1	1
chr15:77635066	174	0	2	1	1
chr15:77635428	255	0	2	1	1
chr15:77635440	255	0	2	1	1
chr15:77635443	255	0	2	1	1
chr15:77635560	255	0	2	1	1
chr15:77637947	255	255	2	0	2
chr15:77638007	255	255	2	0	2
chr15:78250998	255	178	2	0	2
chr15:78285098	255	255	2	0	2
chr15:78285224	255	255	2	0	2
chr15:78285297	255	255	2	0	2
chr15:78288934	255	255	2	0	2
chr15:78297079	255	255	2	0	2
chr15:78348718	255	0	2	1	1
chr15:78410374	255	255	2	0	2
chr15:78849558	255	255	2	0	2
chr15:78849674	255	255	2	0	2
chr15:78849833	255	255	2	0	2
chr15:78851065	255	255	2	0	2
chr15:78904546	255	255	2	0	2
chr15:78908482	255	255	2	0	2
chr15:78911627	255	247	2	0	2
chr15:78937841	255	255	2	0	2
chr15:78958296	255	78	2	0	2
chr15:79127194	255	135	2	0	2
chr15:79127200	255	132	2	0	2
chr15:79248799	255	187	2	0	2
chr15:79794451	255	72	2	0	2
chr15:79897827	255	255	2	0	2
chr15:79897830	255	255	2	0	2
chr15:79898174	255	255	2	0	2
chr15:79899033	255	255	2	0	2
chr15:79899107	255	255	2	0	2
chr15:79906408	255	255	2	0	2
chr15:79906950	255	255	2	0	2
chr15:80000383	255	255	2	0	2
chr15:80212511	255	255	2	0	2
chr15:80389326	255	39	2	0	2
chr15:80923574	255	214	2	0	2
chr15:81407687	255	255	2	0	2
chr15:81621210	255	205	2	0	2
chr15:81686985	255	255	2	0	2
chr15:81710460	255	117	2	0	2
chr15:81791935	255	255	2	0	2
chr15:81946773	255	81	2	0	2
chr15:81980674	255	255	2	0	2
chr15:82029610	255	255	2	0	2
chr15:82101050	255	250	2	0	2
chr15:82124929	255	255	2	0	2
chr15:82135134	255	255	2	0	2
chr15:82182114	255	255	2	0	2
chr15:82185351	255	255	2	0	2
chr15:82224183	255	255	2	0	2
chr15:82239310	255	255	2	0	2
chr15:82314198	255	255	2	0	2
chr15:82343745	255	255	2	0	2
chr15:82346124	255	255	2	0	2
chr15:82372800	255	255	2	0	2
chr15:82389221	255	255	2	0	2
chr15:82392420	255	255	2	0	2
chr15:82761250	255	255	2	0	2
chr15:82761252	255	255	2	0	2
chr15:82791722	255	255	2	0	2
chr15:83001492	255	255	2	0	2
chr15:83724875	158	15	2	0	2
chr15:83879588	255	255	2	0	2
chr15:83892932	255	255	2	0	2
chr15:84327012	255	255	2	0	2
chr15:84787262	255	255	2	0	2
chr15:84803470	255	255	2	0	2
chr15:84804801	255	255	2	0	2
chr15:84935467	255	255	2	0	2
chr15:85065005	255	255	2	0	2
chr15:85807414	255	223	2	0	2
chr15:85807433	255	238	2	0	2
chr15:85818574	255	255	2	0	2
chr15:85818988	255	255	2	0	2
chr15:85819023	255	255	2	0	2
chr15:85820011	255	255	2	0	2
chr15:85862441	255	255	2	0	2
chr15:85864131	255	255	2	0	2
chr15:85864149	255	255	2	0	2
chr15:85864215	255	243	2	0	2
chr15:85902485	255	255	2	0	2
chr15:85916673	255	255	2	0	2
chr15:86033119	255	255	2	0	2
chr15:86144722	255	255	2	0	2
chr15:86235756	255	255	2	0	2
chr15:91909288	69	0	2	1	1
chr16:20683460	220	0	2	1	1
chr16:29248140	255	255	2	0	2
chr16:29421734	255	144	2	0	2
chr16:30309050	255	255	2	0	2
chr16:30343647	255	255	2	0	2
chr16:30344539	255	220	2	0	2
chr16:31081094	164	27	2	0	2
chr16:31081097	164	27	2	0	2
chr16:31456705	255	255	2	0	2
chr16:32407881	255	255	2	0	2
chr16:32499104	255	255	2	0	2
chr16:32680733	255	163	2	0	2
chr16:32750328	255	255	2	0	2
chr16:32751142	255	255	2	0	2
chr16:32751208	255	255	2	0	2
chr16:32751613	255	255	2	0	2
chr16:32751763	255	255	2	0	2
chr16:32751915	255	255	2	0	2
chr16:32752096	255	255	2	0	2
chr16:32752162	255	0	2	1	1
chr16:32752533	255	0	2	1	1
chr16:32752594	255	156	2	0	2
chr16:32752726	255	255	2	0	2
chr16:32752738	255	253	2	0	2
chr16:32752970	255	255	2	0	2
chr16:32753063	255	0	2	1	1
chr16:32753103	58	0	2	1	1
chr16:32753466	255	175	2	0	2
chr16:32753726	255	0	2	1	1
chr16:32754580	255	255	2	0	2
chr16:32754794	255	255	2	0	2
chr16:32755039	255	0	2	1	1
chr16:32755337	255	255	2	0	2
chr16:32755474	255	255	2	0	2
chr16:32755886	255	169	2	0	2
chr16:32755889	255	169	2	0	2
chr16:32756140	255	247	2	0	2
chr16:32756159	255	255	2	0	2
chr16:32756326	255	255	2	0	2
chr16:32756497	255	255	2	0	2
chr16:32756645	255	111	2	0	2
chr16:32757383	255	255	2	0	2
chr16:32757446	255	255	2	0	2
chr16:32761263	255	255	2	0	2
chr16:32762503	255	255	2	0	2
chr16:32765753	255	255	2	0	2
chr16:32775777	255	255	2	0	2
chr16:32775807	255	255	2	0	2
chr16:32776822	255	151	2	0	2
chr16:32776958	255	84	2	0	2
chr16:32778755	255	255	2	0	2
chr16:32779125	255	255	2	0	2
chr16:32781840	255	255	2	0	2
chr16:32781848	255	255	2	0	2
chr16:32793481	255	255	2	0	2
chr16:32793834	255	255	2	0	2
chr16:32793885	255	255	2	0	2
chr16:32794021	255	255	2	0	2
chr16:32794410	255	255	2	0	2
chr16:32794711	255	255	2	0	2
chr16:33045676	255	111	2	0	2
chr16:35628039	255	255	2	0	2
chr16:35817267	255	255	2	0	2
chr16:35825088	255	255	2	0	2
chr16:35840750	255	255	2	0	2
chr16:36280539	255	255	2	0	2
chr16:36772445	255	0	2	1	1
chr16:37997964	255	0	2	1	1
chr16:38004874	255	0	2	1	1
chr16:38005128	255	0	2	1	1
chr16:38005139	255	0	2	1	1
chr16:38005283	146	0	2	1	1
chr16:38005308	78	0	2	1	1
chr16:38005316	111	0	2	1	1
chr16:38005752	255	0	2	1	1
chr16:38417088	198	0	2	1	1
chr16:38828345	255	0	2	1	1
chr16:39024953	255	0	2	1	1
chr16:43939116	255	0	2	1	1
chr16:44299802	255	0	2	1	1
chr16:44379308	255	0	2	1	1
chr16:44485793	255	0	2	1	1
chr16:44789572	116	0	2	1	1
chr16:44789652	121	0	2	1	1
chr16:44789686	174	0	2	1	1
chr16:45094982	255	0	2	1	1
chr16:45095770	255	0	2	1	1
chr16:45096212	255	0	2	1	1
chr16:45096248	255	0	2	1	1
chr16:45096324	255	0	2	1	1
chr16:45096402	255	0	2	1	1
chr16:45096606	108	0	2	1	1
chr16:45239362	95	0	2	1	1
chr16:45392332	179	0	2	1	1
chr16:45443941	255	0	2	1	1
chr16:45539592	183	0	2	1	1
chr16:45560219	255	0	2	1	1
chr16:45577873	177	0	2	1	1
chr16:45580147	255	0	2	1	1
chr16:45584436	255	0	2	1	1
chr16:45601959	176	0	2	1	1
chr16:45633024	255	0	2	1	1
chr16:45640366	255	0	2	1	1
chr16:45664252	255	0	2	1	1
chr16:45667618	255	0	2	1	1
chr16:45679330	255	0	2	1	1
chr16:45729963	255	0	2	1	1
chr16:45742819	225	0	2	1	1
chr16:46049747	105	0	2	1	1
chr16:46049751	115	0	2	1	1
chr16:46099110	255	0	2	1	1
chr16:46117980	255	0	2	1	1
chr16:48817255	255	0	2	1	1
chr16:52166214	255	0	2	1	1
chr16:55905753	255	0	2	1	1
chr16:55905860	255	0	2	1	1
chr16:55915200	255	0	2	1	1
chr16:55915316	255	0	2	1	1
chr16:56034183	255	0	2	1	1
chr16:56650726	66	0	2	1	1
chr16:56654050	255	0	2	1	1
chr16:56668340	255	0	2	1	1
chr16:57302207	255	0	2	1	1
chr16:57571404	255	0	2	1	1
chr17:23291539	66	0	2	1	1
chr17:23475347	110	0	2	1	1
chr17:23475353	60	0	2	1	1
chr17:23475429	73	0	2	1	1
chr17:35425194	255	0	2	1	1
chr17:35425198	255	0	2	1	1
chr17:35440154	255	0	2	1	1
chr17:67752883	255	0	2	1	1
chr19:5070376	255	0	2	1	1
chr19:8897319	105	0	2	1	1
chr19:8897353	71	0	2	1	1
chr19:8897410	69	0	2	1	1
chr19:33559629	255	0	2	1	1
chr19:33582090	182	0	2	1	1
chr19:33582185	255	0	2	1	1
chr19:34234122	255	0	2	1	1
chr19:34234196	255	0	2	1	1
chr19:34307207	255	0	2	1	1
chr19:34327182	255	0	2	1	1
chr19:34474283	255	0	2	1	1
chr19:34474762	201	0	2	1	1
chr19:34501586	255	0	2	1	1
chr19:34619802	255	0	2	1	1
chr19:34647802	255	0	2	1	1
chr19:34675045	255	0	2	1	1
chr19:34949789	255	0	2	1	1
chr19:35960391	255	0	2	1	1
chr19:37174832	236	0	2	1	1
chr19:37410633	255	0	2	1	1
chr19:37998286	255	0	2	1	1
chr19:38057964	255	0	2	1	1
chr19:38525142	255	0	2	1	1
chr19:38814126	255	0	2	1	1
chr19:39290878	255	0	2	1	1
chr19:39390972	127	0	2	1	1
chr19:39390994	171	0	2	1	1
chr19:39401724	255	0	2	1	1
chr19:39438294	85	0	2	1	1
chr19:39460370	189	0	2	1	1
chr19:39460615	248	0	2	1	1
chr19:39460730	225	0	2	1	1
chr19:39511011	102	0	2	1	1
chr19:39511018	102	0	2	1	1
chr19:39568099	141	0	2	1	1
chr19:39699276	255	0	2	1	1
chr19:39712472	255	0	2	1	1
chr19:39734289	254	0	2	1	1
chr19:39881170	255	0	2	1	1
chr19:39881480	255	0	2	1	1
chr19:39886668	255	0	2	1	1
chr19:40000526	188	0	2	1	1
chr19:40001832	179	0	2	1	1
chr19:40001973	255	0	2	1	1
chr19:40011865	94	0	2	1	1
chr19:40038305	255	0	2	1	1
chr19:40038346	255	0	2	1	1
chr19:40090264	139	0	2	1	1
chr19:40090265	139	0	2	1	1
chr19:40096720	255	0	2	1	1
chr19:40098001	189	0	2	1	1
chr19:40098024	242	0	2	1	1
chr19:40349996	255	0	2	1	1
chr19:40365044	255	0	2	1	1
chr19:40376740	255	0	2	1	1
chr19:40724983	255	0	2	1	1
chr19:41600455	180	0	2	1	1
chr19:41877159	255	0	2	1	1
chr19:41950058	255	0	2	1	1
chr19:41957923	255	0	2	1	1
chr19:42053105	255	0	2	1	1
chr19:42070335	255	0	2	1	1
chr19:42562851	255	0	2	1	1
chr19:42563719	255	0	2	1	1
chr19:42564060	255	0	2	1	1
chr19:42607655	255	0	2	1	1
chr19:42608417	255	0	2	1	1
chr19:42735520	255	0	2	1	1
chr19:42738174	255	0	2	1	1
chr19:42740396	255	0	2	1	1
chr19:42752409	255	0	2	1	1
chr19:42755684	255	0	2	1	1
chr19:42759762	255	0	2	1	1
chr19:42770886	255	0	2	1	1
chr19:42771188	255	0	2	1	1
chr19:42778147	255	0	2	1	1
chr19:43515700	255	0	2	1	1
chr19:43615001	237	0	2	1	1
chr19:43812459	255	0	2	1	1
chr19:43849879	255	0	2	1	1
chr19:43849922	255	0	2	1	1
chr19:43901603	255	0	2	1	1
chr19:44029037	176	0	2	1	1
chr19:44077348	255	0	2	1	1
chr19:44131453	255	0	2	1	1
chr19:44148523	255	0	2	1	1
chr19:44149637	255	0	2	1	1
chr19:44150446	239	0	2	1	1
chr19:44157064	255	0	2	1	1
chr19:44191430	255	0	2	1	1
chr19:44334040	224	0	2	1	1
chr19:44334243	255	0	2	1	1
chr19:44532336	255	0	2	1	1
chr19:44543327	255	0	2	1	1
chr19:44555341	189	0	2	1	1
chr19:45021619	255	0	2	1	1
chr19:45024114	255	0	2	1	1
chr19:46004777	255	0	2	1	1
chr19:46062807	255	0	2	1	1
chr19:46063558	255	0	2	1	1
chr19:46582510	255	0	2	1	1
chr19:46654120	255	0	2	1	1
chr19:46669261	255	0	2	1	1
chr19:46709110	255	0	2	1	1
chr19:46762163	255	0	2	1	1
chr19:47023468	255	0	2	1	1
chr19:47023494	241	0	2	1	1
chr19:47023512	226	0	2	1	1
chr19:47106369	255	0	2	1	1
chr19:47112145	255	0	2	1	1
chr19:47128079	255	0	2	1	1
chr19:47253466	133	0	2	1	1
chr19:47648943	255	0	2	1	1
chr19:47648988	255	0	2	1	1
chr19:47732789	255	0	2	1	1
chr19:47732797	220	0	2	1	1
chr19:47746672	255	0	2	1	1
chr19:47823085	255	0	2	1	1
chr19:47897351	255	0	2	1	1
chr19:50678314	255	0	2	1	1
chr19:50678386	236	0	2	1	1
chr19:53850147	255	0	2	1	1
chr19:53851357	255	0	2	1	1
chr19:57077478	255	0	2	1	1
chr19:57215905	255	0	2	1	1
chr19:57381754	255	0	2	1	1
chr19:57382292	255	0	2	1	1
chr19:57383191	255	0	2	1	1
chr19:57384138	255	0	2	1	1
chr19:57385347	255	0	2	1	1
chr19:57458105	255	0	2	1	1
chr19:57682425	255	0	2	1	1
chr19:57707047	255	0	2	1	1
chr19:58774147	255	0	2	1	1
chr19:58825309	255	0	2	1	1
chr19:60221060	255	0	2	1	1
chr19:60467502	255	0	2	1	1
chr19:60529059	255	0	2	1	1
chr19:60852056	255	0	2	1	1
chr19:60853709	245	0	2	1	1
chr19:60853920	175	0	2	1	1
chr19:61175484	253	0	2	1	1
chr19:61175763	137	0	2	1	1
chr19:61175772	81	0	2	1	1
chr19:61226046	255	0	2	1	1
chrX:124128539	255	0	2	1	1
chrX:134693042	184	36	2	0	2
