mutation_id	sample_id	cluster_id	cellular_prevalence	cellular_prevalence_std	variant_allele_frequency
chr10:127003427	2_ad_versionB	2	0.0010616706923929078	0.007442946383513551	0.0
chr10:127003427	4_lc_versionB	2	0.0017605464937697289	0.003173277785993611	0.0
chr10:127003427	1_h_versionB	2	0.0016198154407843458	0.006187403964068228	0.0
chr10:127003427	3_ec_versionB	2	0.503432066532496	0.035900027921083724	0.5
chr10:127033026	2_ad_versionB	2	0.0010477139981193058	0.006229939909714642	0.0
chr10:127033026	4_lc_versionB	2	0.001759131307284342	0.0030999825290763104	0.0
chr10:127033026	1_h_versionB	2	0.0016587999342606932	0.009756048890089955	0.0
chr10:127033026	3_ec_versionB	2	0.5034841799315151	0.03547391927274503	0.5
chr10:127080762	2_ad_versionB	2	0.001023983375051275	0.007930139283593953	0.0
chr10:127080762	4_lc_versionB	2	0.0018302507243273594	0.005426064787953978	0.0
chr10:127080762	1_h_versionB	2	0.001683514267603971	0.008748419638824776	0.0
chr10:127080762	3_ec_versionB	2	0.5025873872347293	0.039723016679768755	0.30327868852459017
chr10:127174816	2_ad_versionB	2	0.0010729290257348902	0.00829089855284473	0.0
chr10:127174816	4_lc_versionB	2	0.0018187224627480255	0.007568824884881031	0.0
chr10:127174816	1_h_versionB	2	0.001657034104598175	0.009590047047454371	0.0
chr10:127174816	3_ec_versionB	2	0.5034583424015506	0.0354446858747844	0.5
chr10:127175011	2_ad_versionB	2	0.0010978481493435215	0.01051356896315922	0.0
chr10:127175011	4_lc_versionB	2	0.0018020981154002545	0.006099301470524833	0.0
chr10:127175011	1_h_versionB	2	0.0015730637120159037	0.0033589320325045978	0.0
chr10:127175011	3_ec_versionB	2	0.503375545602781	0.035869374411260264	0.5
chr10:127242712	2_ad_versionB	2	0.001050199618429041	0.006517877343692185	0.0
chr10:127242712	4_lc_versionB	2	0.0017684876932905357	0.003555448038677749	0.0
chr10:127242712	1_h_versionB	2	0.0015763037191275635	0.003417956879669712	0.0
chr10:127242712	3_ec_versionB	2	0.5033544890836305	0.036151808982029215	0.5
chr10:127310081	2_ad_versionB	2	0.0010692587752142773	0.008085995715267304	0.0
chr10:127310081	4_lc_versionB	2	0.001770410914831663	0.003669404673069555	0.0
chr10:127310081	1_h_versionB	2	0.0016131365939222953	0.005686207457886287	0.0
chr10:127310081	3_ec_versionB	2	0.503375696404634	0.03610686767653345	0.5
chr10:127337039	2_ad_versionB	2	0.0010222587642575566	0.004696294042274677	0.0
chr10:127337039	4_lc_versionB	2	0.0018353633490200488	0.009187669342929439	0.0
chr10:127337039	1_h_versionB	2	0.0016175715538122909	0.005998754662635399	0.0
chr10:127337039	3_ec_versionB	2	0.5034057329399215	0.03576032921390354	0.5
chr10:127338481	2_ad_versionB	2	0.001085478674389968	0.009517891401486104	0.0
chr10:127338481	4_lc_versionB	2	0.0017759771252700877	0.0040297695225477706	0.0
chr10:127338481	1_h_versionB	2	0.001572229495933913	0.0033328056833456248	0.0
chr10:127338481	3_ec_versionB	2	0.5034248271353479	0.035804287733948205	0.5
chr10:127519393	2_ad_versionB	2	0.0010182060415652938	0.004514244803802141	0.0
chr10:127519393	4_lc_versionB	2	0.0017914106833449893	0.005266390382754671	0.0
chr10:127519393	1_h_versionB	2	0.0015997209922167252	0.00467568564773215	0.0
chr10:127519393	3_ec_versionB	2	0.5033527468639973	0.0362227182850327	0.43832599118942733
chr10:127521031	2_ad_versionB	2	0.0010974419303540768	0.01072937769223783	0.0
chr10:127521031	4_lc_versionB	2	0.0017836778665370134	0.004643295516341009	0.0
chr10:127521031	1_h_versionB	2	0.00156862722290233	0.0032999406901969806	0.0
chr10:127521031	3_ec_versionB	2	0.5033794892473167	0.036378321259096236	0.44924406047516197
chr10:127742253	2_ad_versionB	2	0.0010000892727755938	0.004117188230845562	0.0
chr10:127742253	4_lc_versionB	2	0.0017713867133469499	0.0037498717823359544	0.0
chr10:127742253	1_h_versionB	2	0.0016577849070469714	0.009642879570489375	0.0
chr10:127742253	3_ec_versionB	2	0.5033482085005463	0.03619934314695929	0.5
chr10:127742453	2_ad_versionB	2	0.001050944713572373	0.006558796988500061	0.0
chr10:127742453	4_lc_versionB	2	0.001786784523004401	0.004967409024477895	0.0
chr10:127742453	1_h_versionB	2	0.0016597225048183097	0.009858360120745124	0.0
chr10:127742453	3_ec_versionB	2	0.5032903998495967	0.03697542168210412	0.5
chr11:12253960	2_ad_versionB	1	0.0012380220595679856	0.009197226295522044	0.0
chr11:12253960	4_lc_versionB	1	0.5069043886598742	0.02306574248755998	0.5
chr11:12253960	1_h_versionB	1	0.001342437391099851	0.005012246673991071	0.0
chr11:12253960	3_ec_versionB	1	0.000885166639468536	0.009953226149233893	0.0
chr11:14599447	2_ad_versionB	1	0.0012337346640763829	0.00909867146639143	0.0
chr11:14599447	4_lc_versionB	1	0.5068330834360931	0.022850638477040768	0.5
chr11:14599447	1_h_versionB	1	0.0013882043278642807	0.009319002235454196	0.0
chr11:14599447	3_ec_versionB	1	0.0008885533089571584	0.010027341042533848	0.0
chr11:14600005	2_ad_versionB	1	0.0012467466396394722	0.010204527602671801	0.0
chr11:14600005	4_lc_versionB	1	0.5069036112818992	0.022313119600743316	0.47530864197530864
chr11:14600005	1_h_versionB	1	0.001389777037059802	0.00943379334298561	0.0
chr11:14600005	3_ec_versionB	1	0.0008053202917193648	0.004132886126329057	0.0
chr11:17945963	2_ad_versionB	1	0.001161675985136001	0.0037610318694886354	0.0
chr11:17945963	4_lc_versionB	1	0.5068407042941734	0.023659273701907978	0.5
chr11:17945963	1_h_versionB	1	0.0013676097856323596	0.007023853414681679	0.0
chr11:17945963	3_ec_versionB	1	0.0008930656117641722	0.010680641450783384	0.0
chr11:17946041	2_ad_versionB	1	0.001251945379272616	0.01051513536351419	0.0
chr11:17946041	4_lc_versionB	1	0.5068779190243061	0.02335294755166045	0.5
chr11:17946041	1_h_versionB	1	0.0013628582225292034	0.006621746635811772	0.0
chr11:17946041	3_ec_versionB	1	0.0008813501124419593	0.00961508583593494	0.0
chr11:3133098	2_ad_versionB	4	0.7049393334497126	0.23283603619074997	0.5
chr11:3133098	4_lc_versionB	4	0.5218249363349481	0.04326727773720693	0.5
chr11:3133098	1_h_versionB	4	0.5150610732419126	0.07701049176004623	0.5
chr11:3133098	3_ec_versionB	4	0.7088958708106224	0.23369601603696527	0.5
chr11:3133133	2_ad_versionB	4	0.704550343909996	0.23285962963805537	0.5
chr11:3133133	4_lc_versionB	4	0.5218799981853793	0.043196159329166754	0.5
chr11:3133133	1_h_versionB	4	0.5151996426168565	0.07746991169407015	0.5
chr11:3133133	3_ec_versionB	4	0.7090233056554079	0.23365104665336964	0.5
chr11:3134472	2_ad_versionB	4	0.7046638965872914	0.23292874335838415	0.5
chr11:3134472	4_lc_versionB	4	0.5218204925114189	0.04275443358726389	0.5
chr11:3134472	1_h_versionB	4	0.51501197241995	0.0769118611561011	0.5
chr11:3134472	3_ec_versionB	4	0.7089734576157253	0.23370945854560177	0.5
chr11:3135671	2_ad_versionB	0	0.0009292621035274342	0.010249468059893949	0.0
chr11:3135671	4_lc_versionB	0	0.0006382341258088032	0.004895374169613245	0.0
chr11:3135671	1_h_versionB	0	0.0008117004226967493	0.004785090441146709	0.0
chr11:3135671	3_ec_versionB	0	0.0006484775375406036	0.008855972912069162	0.0
chr11:3136635	2_ad_versionB	4	0.704989712959167	0.23283433822089725	0.5
chr11:3136635	4_lc_versionB	4	0.521688953148361	0.043220952903508164	0.5
chr11:3136635	1_h_versionB	4	0.5150182392429503	0.0767446142198748	0.5
chr11:3136635	3_ec_versionB	4	0.7089872759587923	0.2338192086924276	0.49803149606299213
chr11:3136657	2_ad_versionB	4	0.7051995896257732	0.23288014818112793	0.5
chr11:3136657	4_lc_versionB	4	0.5218881887030561	0.0433783038832799	0.5
chr11:3136657	1_h_versionB	4	0.5152431109517357	0.07711684096891042	0.5
chr11:3136657	3_ec_versionB	4	0.7086366819342476	0.23361554403993282	0.5
chr11:3137013	2_ad_versionB	4	0.7049085181727007	0.2327707830210324	0.5
chr11:3137013	4_lc_versionB	4	0.5218145013512295	0.04263139127121257	0.5
chr11:3137013	1_h_versionB	4	0.5152354792142171	0.07732982506875916	0.5
chr11:3137013	3_ec_versionB	4	0.7088673989597963	0.23372165343063955	0.5
chr11:3137040	2_ad_versionB	4	0.7049744123462777	0.2328250754671851	0.5
chr11:3137040	4_lc_versionB	4	0.5217875087732503	0.042781224853165885	0.5
chr11:3137040	1_h_versionB	4	0.5149431655150909	0.07695091383541573	0.5
chr11:3137040	3_ec_versionB	4	0.7089429914183426	0.23367422186623832	0.5
chr11:3143747	2_ad_versionB	4	0.705045750389195	0.2328754110447162	0.5
chr11:3143747	4_lc_versionB	4	0.521797390189043	0.04300898341160918	0.5
chr11:3143747	1_h_versionB	4	0.515092980311642	0.07706470430255409	0.5
chr11:3143747	3_ec_versionB	4	0.709311569129322	0.23357485357012592	0.5
chr11:3156809	2_ad_versionB	4	0.7047250760156579	0.23283465515079424	0.5
chr11:3156809	4_lc_versionB	4	0.5218181308409319	0.04281124104826445	0.5
chr11:3156809	1_h_versionB	4	0.5151441675706698	0.07737746456034117	0.5
chr11:3156809	3_ec_versionB	4	0.7090180781803559	0.23362231374463777	0.5
chr11:3157903	2_ad_versionB	4	0.7046998789233823	0.232907398291496	0.5
chr11:3157903	4_lc_versionB	4	0.5217992034957417	0.042796281935389965	0.5
chr11:3157903	1_h_versionB	4	0.5152093099793403	0.07742530279306445	0.43458980044345896
chr11:3157903	3_ec_versionB	4	0.7089970950496655	0.23373982209259325	0.5
chr11:3160122	2_ad_versionB	4	0.7047538371828834	0.23291363176353835	0.5
chr11:3160122	4_lc_versionB	4	0.5217751139246463	0.042968798022980474	0.5
chr11:3160122	1_h_versionB	4	0.5150153289624273	0.07676668008479495	0.5
chr11:3160122	3_ec_versionB	4	0.7089992309027019	0.23365884646701918	0.5
chr11:3160125	2_ad_versionB	4	0.7049165349684938	0.23285986417922663	0.5
chr11:3160125	4_lc_versionB	4	0.5219599174502798	0.04291887081350291	0.5
chr11:3160125	1_h_versionB	4	0.5152412788010783	0.07750263201799203	0.5
chr11:3160125	3_ec_versionB	4	0.7091584027039736	0.233575528306621	0.5
chr11:3170601	2_ad_versionB	4	0.7049756564477386	0.23280392616517778	0.5
chr11:3170601	4_lc_versionB	4	0.5218036725857432	0.042899196127885474	0.5
chr11:3170601	1_h_versionB	4	0.5151670598247664	0.07737381278161032	0.48588709677419356
chr11:3170601	3_ec_versionB	4	0.7092573059173043	0.23357260955168815	0.5
chr11:3179430	2_ad_versionB	4	0.7050244479031581	0.23283115099777524	0.5
chr11:3179430	4_lc_versionB	4	0.521710275237451	0.042799157084449355	0.5
chr11:3179430	1_h_versionB	4	0.5152049808789613	0.07724497480079077	0.5
chr11:3179430	3_ec_versionB	4	0.708941179579867	0.23361180483694727	0.5
chr11:3187367	2_ad_versionB	4	0.7050223700387265	0.2327884229925319	0.5
chr11:3187367	4_lc_versionB	4	0.5219427268856721	0.042847194360106595	0.5
chr11:3187367	1_h_versionB	4	0.5152515936356258	0.0774115854839491	0.5
chr11:3187367	3_ec_versionB	4	0.7092340369137236	0.23364095190438705	0.5
chr11:3254620	2_ad_versionB	1	0.0011562793571623094	0.0036564863886016596	0.0
chr11:3254620	4_lc_versionB	1	0.5068633268040814	0.02250493319710183	0.5
chr11:3254620	1_h_versionB	1	0.0013332768185325156	0.004660768196977097	0.0
chr11:3254620	3_ec_versionB	1	0.0008085425333873861	0.004211130218316989	0.0
chr11:4435031	2_ad_versionB	1	0.0011554459483124019	0.0036555984114509223	0.0
chr11:4435031	4_lc_versionB	1	0.5067434980307154	0.023859222143075027	0.5
chr11:4435031	1_h_versionB	1	0.0013686745288302778	0.0075187826857425425	0.0
chr11:4435031	3_ec_versionB	1	0.0007990090520136185	0.004050754743567262	0.0
chr11:4488107	2_ad_versionB	1	0.0011624470122003972	0.003820693352939758	0.0
chr11:4488107	4_lc_versionB	1	0.5068146900340206	0.022956188141992757	0.5
chr11:4488107	1_h_versionB	1	0.0013227658797220524	0.004048640225709161	0.0
chr11:4488107	3_ec_versionB	1	0.0008189202036550608	0.004609705436801638	0.0
chr11:5281282	2_ad_versionB	1	0.0011798002758846922	0.004652352931155721	0.0
chr11:5281282	4_lc_versionB	1	0.5068880954671751	0.02329694166383467	0.35279187817258884
chr11:5281282	1_h_versionB	1	0.0013390991052771913	0.005099963315212133	0.0
chr11:5281282	3_ec_versionB	1	0.0008056610784607328	0.004140129989186722	0.0
chr11:5281389	2_ad_versionB	1	0.0011984645584949423	0.005943471846293398	0.0
chr11:5281389	4_lc_versionB	1	0.5069163474238474	0.02240335228607451	0.4230769230769231
chr11:5281389	1_h_versionB	1	0.0013260464989820267	0.00420971290612046	0.0
chr11:5281389	3_ec_versionB	1	0.0008195458786742901	0.004639863743804773	0.0
chr11:5596752	2_ad_versionB	1	0.0012509767587915628	0.01060104330650268	0.0
chr11:5596752	4_lc_versionB	1	0.5069152389427395	0.02239263561227655	0.5
chr11:5596752	1_h_versionB	1	0.0013603000592653733	0.006777401099412038	0.0
chr11:5596752	3_ec_versionB	1	0.0008622330470904693	0.007692125627580253	0.0
chr11:5607418	2_ad_versionB	1	0.0011636776682863211	0.003827093504528689	0.0
chr11:5607418	4_lc_versionB	1	0.5069182506928751	0.0224230191599723	0.5
chr11:5607418	1_h_versionB	1	0.0013374242426236814	0.004948709316776275	0.0
chr11:5607418	3_ec_versionB	1	0.0008055579458059144	0.004137850491346326	0.0
chr11:5615561	2_ad_versionB	1	0.0011577495940181207	0.0036773857630171373	0.0
chr11:5615561	4_lc_versionB	1	0.5067496141498811	0.02400034944966261	0.3560606060606061
chr11:5615561	1_h_versionB	1	0.0013888528335185325	0.009462227522633261	0.0
chr11:5615561	3_ec_versionB	1	0.0008680860936656103	0.008223361013382294	0.0
chr11:5635233	2_ad_versionB	1	0.001161453480410789	0.0037613463976510753	0.0
chr11:5635233	4_lc_versionB	1	0.5068706628454758	0.022416275231412333	0.5
chr11:5635233	1_h_versionB	1	0.0013095326476757038	0.0035361573540861925	0.0
chr11:5635233	3_ec_versionB	1	0.0008496172854242433	0.006652127583954367	0.0
chr11:5635263	2_ad_versionB	1	0.0012290853177105933	0.00867412128805717	0.0
chr11:5635263	4_lc_versionB	1	0.5068625975731851	0.022929883422294843	0.5
chr11:5635263	1_h_versionB	1	0.0013258564065158635	0.004181556340276922	0.0
chr11:5635263	3_ec_versionB	1	0.0008257247865012452	0.0049722454358265234	0.0
chr11:5862203	2_ad_versionB	1	0.001221955567352515	0.00793590433094611	0.0
chr11:5862203	4_lc_versionB	1	0.5069310387501424	0.02259632612071614	0.5
chr11:5862203	1_h_versionB	1	0.0013979164365144807	0.01019554589343162	0.0
chr11:5862203	3_ec_versionB	1	0.0008057866218666371	0.004142750404814264	0.0
chr11:5862393	2_ad_versionB	1	0.0012459596021680136	0.010113930170115802	0.0
chr11:5862393	4_lc_versionB	1	0.5068256494538114	0.022889444127332823	0.5
chr11:5862393	1_h_versionB	1	0.001388216144269263	0.009322730033320575	0.0
chr11:5862393	3_ec_versionB	1	0.0008040157846000166	0.004109282883989789	0.0
chr11:6514873	2_ad_versionB	1	0.0012236851765316421	0.008090173006940798	0.0
chr11:6514873	4_lc_versionB	1	0.506874617668961	0.022378313537186147	0.5
chr11:6514873	1_h_versionB	1	0.0013281381273046557	0.004332626809062761	0.0
chr11:6514873	3_ec_versionB	1	0.0008626032272125348	0.0077236391582677895	0.0
chr11:6600038	2_ad_versionB	1	0.0011798443168121568	0.004609364707125843	0.0
chr11:6600038	4_lc_versionB	1	0.5069143832717767	0.022384734978403553	0.5
chr11:6600038	1_h_versionB	1	0.0013131286545760735	0.0036298733078131873	0.0
chr11:6600038	3_ec_versionB	1	0.0008606623942029872	0.007558970637671392	0.0
chr11:6600161	2_ad_versionB	1	0.0012122136631032582	0.007083144781313277	0.0
chr11:6600161	4_lc_versionB	1	0.5068865167340844	0.02230603216581745	0.5
chr11:6600161	1_h_versionB	1	0.0013113124610343813	0.0035783337729179423	0.0
chr11:6600161	3_ec_versionB	1	0.0008393111780430868	0.005867392826920732	0.0
chr11:6600357	2_ad_versionB	1	0.0011841111441541251	0.004884661845168513	0.0
chr11:6600357	4_lc_versionB	1	0.5069303078877735	0.022584506274934787	0.5
chr11:6600357	1_h_versionB	1	0.0013107315537507942	0.0035636457819459076	0.0
chr11:6600357	3_ec_versionB	1	0.0008349430127267536	0.005559069544361873	0.0
chr11:6600714	2_ad_versionB	1	0.0011767897500738536	0.004427051074117521	0.0
chr11:6600714	4_lc_versionB	1	0.5068987346099566	0.0222977412779483	0.5
chr11:6600714	1_h_versionB	1	0.0013905725165622783	0.009507859598116146	0.0
chr11:6600714	3_ec_versionB	1	0.0008699391340349673	0.008357462325473542	0.0
chr11:7198314	2_ad_versionB	1	0.0012047755337691876	0.006307511635881078	0.0
chr11:7198314	4_lc_versionB	1	0.5069102359747167	0.02342412544973476	0.5
chr11:7198314	1_h_versionB	1	0.0013899477006398629	0.009010050865037325	0.0
chr11:7198314	3_ec_versionB	1	0.0008702376677605269	0.00861874598946323	0.0
chr11:9269151	2_ad_versionB	1	0.0012030299345239252	0.0061442566905418146	0.0
chr11:9269151	4_lc_versionB	1	0.5069278839371668	0.02281221788036066	0.5
chr11:9269151	1_h_versionB	1	0.0013108700639878385	0.0036450385553252213	0.0
chr11:9269151	3_ec_versionB	1	0.0008395546211577207	0.006070336317756318	0.0
chr11:9277013	2_ad_versionB	1	0.0011740793838531302	0.004184881611519522	0.0
chr11:9277013	4_lc_versionB	1	0.5069308734840329	0.02279712929611094	0.5
chr11:9277013	1_h_versionB	1	0.0013607659985047248	0.006414065800008651	0.0
chr11:9277013	3_ec_versionB	1	0.0008149581507381324	0.004535044092692638	0.0
chr11:9293499	2_ad_versionB	1	0.0011806920455207006	0.004545202189919971	0.0
chr11:9293499	4_lc_versionB	1	0.5069309512083466	0.02279678916789614	0.5
chr11:9293499	1_h_versionB	1	0.0013752224303957496	0.007826608473801164	0.0
chr11:9293499	3_ec_versionB	1	0.0008595223294648376	0.007678908834910886	0.0
chr11:9293617	2_ad_versionB	1	0.0012365079717498034	0.009058447594886552	0.0
chr11:9293617	4_lc_versionB	1	0.506961156229224	0.02286512439165899	0.5
chr11:9293617	1_h_versionB	1	0.0013278934250277438	0.004146494864826458	0.0
chr11:9293617	3_ec_versionB	1	0.0008129422988882631	0.004446193585989765	0.0
chr11:9294545	2_ad_versionB	1	0.0012371693500373316	0.009119018960635312	0.0
chr11:9294545	4_lc_versionB	1	0.5069718912299606	0.022985164777316883	0.5
chr11:9294545	1_h_versionB	1	0.0013181224978873706	0.0037738862035067333	0.0
chr11:9294545	3_ec_versionB	1	0.0008922194071730843	0.010601955703512436	0.0
chr11:9294559	2_ad_versionB	1	0.001176313268023253	0.004298612700684012	0.0
chr11:9294559	4_lc_versionB	1	0.5069855127537567	0.02320817421179052	0.5
chr11:9294559	1_h_versionB	1	0.001312118314487984	0.0036573057239918006	0.0
chr11:9294559	3_ec_versionB	1	0.0008568356727243552	0.007451547509156465	0.0
chr11:9294781	2_ad_versionB	1	0.0012026749913494417	0.0061373904215999385	0.0
chr11:9294781	4_lc_versionB	1	0.5068721686691967	0.023402880728705857	0.5
chr11:9294781	1_h_versionB	1	0.0013499559086703437	0.005588023998402562	0.0
chr11:9294781	3_ec_versionB	1	0.0008696774492425151	0.008560296814399947	0.0
chr11:9297261	2_ad_versionB	1	0.0012271005965473138	0.008396943568209341	0.0
chr11:9297261	4_lc_versionB	1	0.506848766553453	0.02275004850919585	0.5
chr11:9297261	1_h_versionB	1	0.001379490297687881	0.008484950138408621	0.0
chr11:9297261	3_ec_versionB	1	0.0008307618143503996	0.005280953474673549	0.0
chr11:9298539	2_ad_versionB	1	0.001231772138357428	0.008820677454956093	0.0
chr11:9298539	4_lc_versionB	1	0.5069165857386309	0.022405727242766488	0.5
chr11:9298539	1_h_versionB	1	0.001314377593453625	0.0036701138837694244	0.0
chr11:9298539	3_ec_versionB	1	0.0008207655714761416	0.004700856718262413	0.0
chr11:9316166	2_ad_versionB	1	0.0011643241559703814	0.003797972811856095	0.0
chr11:9316166	4_lc_versionB	1	0.5068100693296923	0.023957025093228525	0.37192118226600984
chr11:9316166	1_h_versionB	1	0.0013433988094268589	0.005101366197730057	0.0
chr11:9316166	3_ec_versionB	1	0.0008270966174036074	0.005215188876725274	0.0
chr11:9328117	2_ad_versionB	1	0.00119067962248073	0.005202681356904606	0.0
chr11:9328117	4_lc_versionB	1	0.5068952227236038	0.023228424885272023	0.5
chr11:9328117	1_h_versionB	1	0.0014049549201288233	0.010362594820691816	0.0
chr11:9328117	3_ec_versionB	1	0.0008179295277765632	0.0046787874942621965	0.0
chr11:9331615	2_ad_versionB	1	0.0012214185738282936	0.007803999719528212	0.0
chr11:9331615	4_lc_versionB	1	0.5067907930079142	0.024425068348849225	0.5
chr11:9331615	1_h_versionB	1	0.001358471618830906	0.006267699556671324	0.0
chr11:9331615	3_ec_versionB	1	0.000810867384744309	0.0043708677610080375	0.0
chr11:9333176	2_ad_versionB	1	0.0011926114672948216	0.005679405885412861	0.0
chr11:9333176	4_lc_versionB	1	0.5063305280747904	0.027984795716783382	0.2537764350453172
chr11:9333176	1_h_versionB	1	0.0013428953601796023	0.0056240001398289744	0.0
chr11:9333176	3_ec_versionB	1	0.0008815430884076682	0.009452610340563305	0.0
chr11:9333292	2_ad_versionB	1	0.0011832134947033538	0.004824916141099511	0.0
chr11:9333292	4_lc_versionB	1	0.5068790397809003	0.0223440809390496	0.5
chr11:9333292	1_h_versionB	1	0.0013100398028892768	0.003547316902898902	0.0
chr11:9333292	3_ec_versionB	1	0.0008838363504044876	0.0095972343176248	0.0
chr11:9354911	2_ad_versionB	1	0.0012397247832282513	0.009552560086359786	0.0
chr11:9354911	4_lc_versionB	1	0.5068573487671819	0.023916760715255152	0.5
chr11:9354911	1_h_versionB	1	0.0013586791863085294	0.0061928830829580065	0.0
chr11:9354911	3_ec_versionB	1	0.0008785823095418909	0.009355692222659619	0.0
chr11:9434299	2_ad_versionB	1	0.001171268663005751	0.0041345478785789124	0.0
chr11:9434299	4_lc_versionB	1	0.5068568166419172	0.022603267340308646	0.5
chr11:9434299	1_h_versionB	1	0.0013936600272633675	0.00979614877512147	0.0
chr11:9434299	3_ec_versionB	1	0.000851021358489438	0.006764146774700886	0.0
chr11:9465004	2_ad_versionB	1	0.001221123979270618	0.007862009623744224	0.0
chr11:9465004	4_lc_versionB	1	0.5068569109937338	0.0226017113233317	0.5
chr11:9465004	1_h_versionB	1	0.0013203929955047612	0.003914276836685115	0.0
chr11:9465004	3_ec_versionB	1	0.0008625953193252602	0.007722965447177794	0.0
chr11:9466465	2_ad_versionB	1	0.0011541461815460902	0.0036359118161608454	0.0
chr11:9466465	4_lc_versionB	1	0.5068669681893122	0.023023228745564946	0.5
chr11:9466465	1_h_versionB	1	0.0013527026746944215	0.006169885650732252	0.0
chr11:9466465	3_ec_versionB	1	0.0008168861393655203	0.004520140642621096	0.0
chr13:49661807	2_ad_versionB	2	0.001047010049633596	0.006166826210692963	0.0
chr13:49661807	4_lc_versionB	2	0.0018415170806464897	0.009743081217991535	0.0
chr13:49661807	1_h_versionB	2	0.001649237707046774	0.0088846393493807	0.0
chr13:49661807	3_ec_versionB	2	0.5033876851356173	0.035899153112891734	0.5
chr13:53117204	2_ad_versionB	4	0.7051378882105284	0.23279470948400377	0.5
chr13:53117204	4_lc_versionB	4	0.5221384448770695	0.04615063847765008	0.5
chr13:53117204	1_h_versionB	4	0.5141481547042867	0.07561713654134251	0.3089430894308943
chr13:53117204	3_ec_versionB	4	0.7093443664418317	0.2335540161794007	0.5
chr15:77638007	2_ad_versionB	5	0.5459859772483961	0.15504985074654712	0.5
chr15:77638007	4_lc_versionB	5	0.014381454188572604	0.018732484297310392	0.0
chr15:77638007	1_h_versionB	5	0.690758686885398	0.21555643395700513	0.5
chr15:77638007	3_ec_versionB	5	0.015803942471126455	0.023763687746321118	0.0
chr15:91909288	2_ad_versionB	0	0.0008567827038261744	0.0036799803186904284	0.0
chr15:91909288	4_lc_versionB	0	0.0006390193531803296	0.004963500966784928	0.0
chr15:91909288	1_h_versionB	0	0.0008591901094391722	0.006742141015643985	0.0
chr15:91909288	3_ec_versionB	0	0.0006715719369928101	0.010881569071937675	0.0
chr17:35425194	2_ad_versionB	0	0.000915804892253429	0.00895088625576946	0.0
chr17:35425194	4_lc_versionB	0	0.0006926926291310858	0.009988797756288904	0.0
chr17:35425194	1_h_versionB	0	0.0008122651531437521	0.004785431962691486	0.0
chr17:35425194	3_ec_versionB	0	0.0006516339789632379	0.009124870255303773	0.0
chr17:35425198	2_ad_versionB	0	0.0008952451194656689	0.007001390997091424	0.0
chr17:35425198	4_lc_versionB	0	0.0006637097008875238	0.007214259003228369	0.0
chr17:35425198	1_h_versionB	0	0.0008745836449351459	0.007902462965496302	0.0
chr17:35425198	3_ec_versionB	0	0.0005789932701460847	0.004739927486660998	0.0
chr17:35440154	2_ad_versionB	0	0.0008921204850411439	0.006320546995433091	0.0
chr17:35440154	4_lc_versionB	0	0.0006372041546995699	0.005349897197222133	0.0
chr17:35440154	1_h_versionB	0	0.0008554354320107844	0.006206723042992498	0.0
chr17:35440154	3_ec_versionB	0	0.0006019803645333181	0.00629983022231574	0.0
chr1:171051722	2_ad_versionB	0	0.0008594786036056786	0.0035887962829611706	0.0
chr1:171051722	4_lc_versionB	0	0.0006790933208819547	0.009303454542206484	0.0
chr1:171051722	1_h_versionB	0	0.0008705646194922638	0.0071893565796853735	0.0
chr1:171051722	3_ec_versionB	0	0.0005842639203887255	0.005183426988231999	0.0
chr1:171136127	2_ad_versionB	0	0.0008458379247806141	0.002975641910370386	0.0
chr1:171136127	4_lc_versionB	0	0.0006384043937853912	0.004910120357363278	0.0
chr1:171136127	1_h_versionB	0	0.0008700639878863984	0.007547737873915549	0.0
chr1:171136127	3_ec_versionB	0	0.00066357572899715	0.010166537360789341	0.0
chr1:171145805	2_ad_versionB	0	0.0008943147362177293	0.0065217632017375545	0.0
chr1:171145805	4_lc_versionB	0	0.0006170294387365582	0.0036388058133674478	0.0
chr1:171145805	1_h_versionB	0	0.0008305801862880214	0.005180334076371167	0.0
chr1:171145805	3_ec_versionB	0	0.000622351733607308	0.007885934816392489	0.0
chr1:171150569	2_ad_versionB	0	0.0008809224084130326	0.005687788457075969	0.0
chr1:171150569	4_lc_versionB	0	0.0006477125292392686	0.00573551461075119	0.0
chr1:171150569	1_h_versionB	0	0.0008649994494195919	0.0071632702457235945	0.0
chr1:171150569	3_ec_versionB	0	0.0006608287766558084	0.009923881036158587	0.0
chr1:171158798	2_ad_versionB	0	0.000847499566841724	0.003067881693305537	0.0
chr1:171158798	4_lc_versionB	0	0.0006146958910759869	0.0030913253424212366	0.0
chr1:171158798	1_h_versionB	0	0.0009086310971246256	0.01081047011262172	0.0
chr1:171158798	3_ec_versionB	0	0.0006555180574857436	0.009459720062630904	0.0
chr1:171225795	2_ad_versionB	0	0.0009020484396879098	0.007239396651668962	0.0
chr1:171225795	4_lc_versionB	0	0.0005933806449752797	0.002361277717373034	0.0
chr1:171225795	1_h_versionB	0	0.0008664479527759708	0.006903022174338631	0.0
chr1:171225795	3_ec_versionB	0	0.0006371110577451864	0.00914738452094857	0.0
chr1:171250901	2_ad_versionB	0	0.0008681110820352027	0.004238602551335325	0.0
chr1:171250901	4_lc_versionB	0	0.0005929418026311343	0.002353528710100119	0.0
chr1:171250901	1_h_versionB	0	0.0008538381998947442	0.006115624949278577	0.0
chr1:171250901	3_ec_versionB	0	0.0005784688575005232	0.004902755108610485	0.0
chr1:171279519	2_ad_versionB	0	0.0008479932941027902	0.0030964781645372846	0.0
chr1:171279519	4_lc_versionB	0	0.0006508969511993429	0.0060249503159860935	0.0
chr1:171279519	1_h_versionB	0	0.0008790510387773202	0.008262421375460327	0.0
chr1:171279519	3_ec_versionB	0	0.000579771063047433	0.004749625091791161	0.0
chr1:171284618	2_ad_versionB	0	0.0008423202054260978	0.002682342117058604	0.0
chr1:171284618	4_lc_versionB	0	0.0005987306005001328	0.0025160945874709495	0.0
chr1:171284618	1_h_versionB	0	0.0008513827753202772	0.005981195051956864	0.0
chr1:171284618	3_ec_versionB	0	0.0006189593990422145	0.007606915301805538	0.0
chr1:171344938	2_ad_versionB	0	0.0008476900309629974	0.002888067226451257	0.0
chr1:171344938	4_lc_versionB	0	0.0006013993088746212	0.002630853780810037	0.0
chr1:171344938	1_h_versionB	0	0.0008871634110889325	0.008449580063079434	0.0
chr1:171344938	3_ec_versionB	0	0.0005973531865978157	0.005977782696076028	0.0
chr1:171360318	2_ad_versionB	0	0.0008566453326043236	0.003396312595817948	0.0
chr1:171360318	4_lc_versionB	0	0.0006594764082301887	0.007419897415558816	0.0
chr1:171360318	1_h_versionB	0	0.0009011732713611169	0.009608237264067022	0.0
chr1:171360318	3_ec_versionB	0	0.000655487493402415	0.010794271368891384	0.0
chr1:171360646	2_ad_versionB	0	0.0008898642745018442	0.006502014150966719	0.0
chr1:171360646	4_lc_versionB	0	0.0006839425292589679	0.009143061973270673	0.0
chr1:171360646	1_h_versionB	0	0.0008151470227252828	0.0047975374136057505	0.0
chr1:171360646	3_ec_versionB	0	0.0006697071154931189	0.010713745008613378	0.0
chr1:171408430	2_ad_versionB	0	0.0008816658700377383	0.005754581616478269	0.0
chr1:171408430	4_lc_versionB	0	0.0006714461496851896	0.007946230800850385	0.0
chr1:171408430	1_h_versionB	0	0.0008303436176623716	0.005135698273867782	0.0
chr1:171408430	3_ec_versionB	0	0.0006126748637568229	0.006126543392942966	0.0
chr1:171408701	2_ad_versionB	0	0.0009022384089080444	0.0076582532022601065	0.0
chr1:171408701	4_lc_versionB	0	0.0006028972223317122	0.002550154781503194	0.0
chr1:171408701	1_h_versionB	0	0.0008717291094460248	0.007677236211421959	0.0
chr1:171408701	3_ec_versionB	0	0.0006364842958246728	0.007866008105610759	0.0
chr1:171409061	2_ad_versionB	0	0.0008849473960998154	0.006051501523912724	0.0
chr1:171409061	4_lc_versionB	0	0.0006334921108118157	0.004491174891114009	0.0
chr1:171409061	1_h_versionB	0	0.0008398468512462097	0.005551869866546619	0.0
chr1:171409061	3_ec_versionB	0	0.0006523057319491466	0.009182480968974248	0.0
chr1:171409082	2_ad_versionB	0	0.0008414699118143398	0.0027663017028405983	0.0
chr1:171409082	4_lc_versionB	0	0.0006278870675982714	0.004033121969824115	0.0
chr1:171409082	1_h_versionB	0	0.0008881001273810178	0.009015374208510117	0.0
chr1:171409082	3_ec_versionB	0	0.0006108185292659752	0.006009435131971473	0.0
chr1:171416853	2_ad_versionB	0	0.0008880188043479242	0.0059478710262914425	0.0
chr1:171416853	4_lc_versionB	0	0.000629238152427264	0.004644981623979185	0.0
chr1:171416853	1_h_versionB	0	0.0008318600946816174	0.005209219032372203	0.0
chr1:171416853	3_ec_versionB	0	0.0006280110149546657	0.00836132599902117	0.0
chr1:171504171	2_ad_versionB	0	0.0009168095427393586	0.009047356232571609	0.0
chr1:171504171	4_lc_versionB	0	0.0005977869723241732	0.002458669974792095	0.0
chr1:171504171	1_h_versionB	0	0.0008703122479425916	0.007566953486021996	0.0
chr1:171504171	3_ec_versionB	0	0.0006723789933689942	0.010954386975130091	0.0
chr1:171530529	2_ad_versionB	0	0.0008715186562099047	0.004848187072217473	0.0
chr1:171530529	4_lc_versionB	0	0.0006666726849562812	0.007447050854310619	0.0
chr1:171530529	1_h_versionB	0	0.0008611275932474088	0.0064103004813318865	0.0
chr1:171530529	3_ec_versionB	0	0.0006477164252190152	0.0088006212506583	0.0
chr1:171531730	2_ad_versionB	0	0.0008586226005321988	0.003429256724530226	0.0
chr1:171531730	4_lc_versionB	0	0.000633535285801864	0.004914903280663619	0.0
chr1:171531730	1_h_versionB	0	0.0008781417170113388	0.008739484498576127	0.0
chr1:171531730	3_ec_versionB	0	0.0006111462568349793	0.005845289221839608	0.0
chr1:171577917	2_ad_versionB	0	0.0008874191852203671	0.006277208561082728	0.0
chr1:171577917	4_lc_versionB	0	0.0006731758459229964	0.008110941432466101	0.0
chr1:171577917	1_h_versionB	0	0.0008337109870003384	0.005267336332671383	0.0
chr1:171577917	3_ec_versionB	0	0.0005840562515182208	0.004825236409748463	0.0
chr1:171579124	2_ad_versionB	0	0.000931548149930936	0.010052957153187827	0.0
chr1:171579124	4_lc_versionB	0	0.0005973408426798512	0.002465672855987534	0.0
chr1:171579124	1_h_versionB	0	0.0009059344383889654	0.010016108938220056	0.0
chr1:171579124	3_ec_versionB	0	0.000639605545561059	0.009366777561604991	0.0
chr1:171579127	2_ad_versionB	0	0.0008372105282217289	0.002576814528072757	0.0
chr1:171579127	4_lc_versionB	0	0.0006101437894263985	0.0031392376930360977	0.0
chr1:171579127	1_h_versionB	0	0.0008971713287422995	0.009270440645819392	0.0
chr1:171579127	3_ec_versionB	0	0.0005645970179933597	0.004470875595965848	0.0
chr1:171593907	2_ad_versionB	0	0.0008424419430903104	0.002808363459075827	0.0
chr1:171593907	4_lc_versionB	0	0.0005971394274520521	0.002454440385116609	0.0
chr1:171593907	1_h_versionB	0	0.0009092072244800512	0.010862161501347802	0.0
chr1:171593907	3_ec_versionB	0	0.0005821175234097588	0.004786425958658661	0.0
chr1:171594032	2_ad_versionB	0	0.0008652279279176804	0.004335550537009817	0.0
chr1:171594032	4_lc_versionB	0	0.0006251164367944965	0.0038168125477454702	0.0
chr1:171594032	1_h_versionB	0	0.0008233594583057762	0.004925247154734785	0.0
chr1:171594032	3_ec_versionB	0	0.000618707360489256	0.006529085027857525	0.0
chr1:171599857	2_ad_versionB	0	0.0008963692044658001	0.0067111957267705765	0.0
chr1:171599857	4_lc_versionB	0	0.0006331997311668256	0.004992097924078234	0.0
chr1:171599857	1_h_versionB	0	0.0009150259845268627	0.010810461449142024	0.0
chr1:171599857	3_ec_versionB	0	0.000619289295385445	0.0076338352174965245	0.0
chr1:171599888	2_ad_versionB	0	0.000923493616973847	0.009691250951836563	0.0
chr1:171599888	4_lc_versionB	0	0.0006581710419384662	0.006695985596496709	0.0
chr1:171599888	1_h_versionB	0	0.0008742949183902587	0.00787950460881667	0.0
chr1:171599888	3_ec_versionB	0	0.000606929116831188	0.00577572710856506	0.0
chr1:171605172	2_ad_versionB	0	0.0008407634975314998	0.002737494416182344	0.0
chr1:171605172	4_lc_versionB	0	0.0006539350001942113	0.006303689809490548	0.0
chr1:171605172	1_h_versionB	0	0.0008629087323823335	0.007009079412902265	0.0
chr1:171605172	3_ec_versionB	0	0.0006521208218858095	0.009166609770362223	0.0
chr1:171605208	2_ad_versionB	0	0.0008709266178341311	0.0044662064592364235	0.0
chr1:171605208	4_lc_versionB	0	0.0006498382395287345	0.006511395599663959	0.0
chr1:171605208	1_h_versionB	0	0.0008505689768724373	0.005938210010630936	0.0
chr1:171605208	3_ec_versionB	0	0.0005873207428877062	0.0053508662686975765	0.0
chr1:171607284	2_ad_versionB	0	0.0009004191935359716	0.007486638585895126	0.0
chr1:171607284	4_lc_versionB	0	0.0006881557100871801	0.009549626061824187	0.0
chr1:171607284	1_h_versionB	0	0.0009018695108956031	0.01020854555684876	0.0
chr1:171607284	3_ec_versionB	0	0.0005855846640921905	0.004861068018705488	0.0
chr1:171638669	2_ad_versionB	0	0.0009299306867319342	0.009881101625096131	0.0
chr1:171638669	4_lc_versionB	0	0.0006151465161480719	0.003512196247513605	0.0
chr1:171638669	1_h_versionB	0	0.0008841860039816259	0.0071432156568848135	0.0
chr1:171638669	3_ec_versionB	0	0.0006321811561482167	0.008727767808221664	0.0
chr1:171638683	2_ad_versionB	0	0.0009237815480168255	0.00971906247748434	0.0
chr1:171638683	4_lc_versionB	0	0.0006318003616197692	0.004350395879561867	0.0
chr1:171638683	1_h_versionB	0	0.0008315467305095072	0.005180602081746301	0.0
chr1:171638683	3_ec_versionB	0	0.0006201922633156916	0.006632840370704652	0.0
chr1:171682104	2_ad_versionB	0	0.0008533316339834222	0.003435912960138782	0.0
chr1:171682104	4_lc_versionB	0	0.0006565298426374252	0.006543532469220758	0.0
chr1:171682104	1_h_versionB	0	0.0008717753413728257	0.007680852071985683	0.0
chr1:171682104	3_ec_versionB	0	0.0005965416748941887	0.005242724269517065	0.0
chr1:171695858	2_ad_versionB	0	0.0008388436594813524	0.0026670961918905814	0.0
chr1:171695858	4_lc_versionB	0	0.0006185187178021978	0.0033380627702789944	0.0
chr1:171695858	1_h_versionB	0	0.0008132118709323509	0.004787499098680205	0.0
chr1:171695858	3_ec_versionB	0	0.0006278356304130284	0.007191776651652096	0.0
chr1:171851835	2_ad_versionB	0	0.0009078783894992567	0.007787432768831836	0.0
chr1:171851835	4_lc_versionB	0	0.0006370910387974091	0.005339707069172287	0.0
chr1:171851835	1_h_versionB	0	0.0008475165187674713	0.005784338256643902	0.0
chr1:171851835	3_ec_versionB	0	0.0006099189147777444	0.006889773342419888	0.0
chr1:171885586	2_ad_versionB	0	0.000838013549955599	0.002640401207098594	0.0
chr1:171885586	4_lc_versionB	0	0.000597563731742162	0.0024570198991962287	0.0
chr1:171885586	1_h_versionB	0	0.0008190456848920359	0.00484124479641962	0.0
chr1:171885586	3_ec_versionB	0	0.0006379347193733598	0.007982679729962722	0.0
chr1:172068242	2_ad_versionB	0	0.00085298140468885	0.0031583304670850963	0.0
chr1:172068242	4_lc_versionB	0	0.0006627913100302912	0.007756339437175176	0.0
chr1:172068242	1_h_versionB	0	0.0009396689736093258	0.010079995769644289	0.0
chr1:172068242	3_ec_versionB	0	0.0005607154594069788	0.004421897266846409	0.0
chr1:172128723	2_ad_versionB	0	0.0009217796576236621	0.009111728252359569	0.0
chr1:172128723	4_lc_versionB	0	0.0006840208036176246	0.00978140454787003	0.0
chr1:172128723	1_h_versionB	0	0.0008889770641752641	0.008595509288082804	0.0
chr1:172128723	3_ec_versionB	0	0.000635095946391574	0.00897130020378538	0.0
chr1:172240058	2_ad_versionB	0	0.0009135418012925409	0.008733906536602162	0.0
chr1:172240058	4_lc_versionB	0	0.0006089351525380495	0.0027780972508894327	0.0
chr1:172240058	1_h_versionB	0	0.000851247634706611	0.0062082578879835825	0.0
chr1:172240058	3_ec_versionB	0	0.0006550081734532537	0.009415527927531298	0.0
chr1:172244100	2_ad_versionB	0	0.0008748983457476106	0.004797021436009408	0.0
chr1:172244100	4_lc_versionB	0	0.0006312379912652863	0.00481926362275459	0.0
chr1:172244100	1_h_versionB	0	0.000913747651521094	0.01069766564091101	0.0
chr1:172244100	3_ec_versionB	0	0.000624419671131729	0.008058289437296978	0.0
chr1:172251297	2_ad_versionB	0	0.0008760516359875461	0.0052552148043949354	0.0
chr1:172251297	4_lc_versionB	0	0.0006152849689706618	0.0031275700822284425	0.0
chr1:172251297	1_h_versionB	0	0.0009041373903594516	0.010409419110812293	0.0
chr1:172251297	3_ec_versionB	0	0.0006683789568324464	0.010594598221507222	0.0
chr1:172255054	2_ad_versionB	0	0.0009038614067475222	0.007811751468381271	0.0
chr1:172255054	4_lc_versionB	0	0.0006135144997654472	0.0030207889735860776	0.0
chr1:172255054	1_h_versionB	0	0.0008876719868407862	0.00897911737308587	0.0
chr1:172255054	3_ec_versionB	0	0.0006116322886778191	0.006060350381268333	0.0
chr1:172317580	2_ad_versionB	0	0.0008669996340773225	0.004481115286743348	0.0
chr1:172317580	4_lc_versionB	0	0.0006851497691797009	0.00925942353423793	0.0
chr1:172317580	1_h_versionB	0	0.0008195020793438768	0.004848385812986578	0.0
chr1:172317580	3_ec_versionB	0	0.0006545407175454855	0.00937507370443199	0.0
chr1:172318712	2_ad_versionB	0	0.0008583497078832384	0.003795982910295154	0.0
chr1:172318712	4_lc_versionB	0	0.0006897846372920721	0.009707151796585305	0.0
chr1:172318712	1_h_versionB	0	0.0008233409119680566	0.004924808191312362	0.0
chr1:172318712	3_ec_versionB	0	0.0006725425229912584	0.010969155137652419	0.0
chr1:172369705	2_ad_versionB	0	0.000868847707178862	0.004297532944987322	0.0
chr1:172369705	4_lc_versionB	0	0.000619482480980576	0.0038309660060654362	0.0
chr1:172369705	1_h_versionB	0	0.0008995679750012492	0.009472153241780603	0.0
chr1:172369705	3_ec_versionB	0	0.0005766633317335583	0.004826202735013089	0.0
chr1:172377316	2_ad_versionB	0	0.0009275119080153037	0.009663193800711588	0.0
chr1:172377316	4_lc_versionB	0	0.0006827116190511191	0.009654272704646806	0.0
chr1:172377316	1_h_versionB	0	0.0008753932898848886	0.0075400148307309045	0.0
chr1:172377316	3_ec_versionB	0	0.0006440310667200891	0.009759560882222422	0.0
chr1:172476174	2_ad_versionB	0	0.0008592894709152985	0.0035755706578634353	0.0
chr1:172476174	4_lc_versionB	0	0.000652322463645751	0.006744091812077564	0.0
chr1:172476174	1_h_versionB	0	0.0009164889031094612	0.010939950320000936	0.0
chr1:172476174	3_ec_versionB	0	0.0005625831516297223	0.004440825388411886	0.0
chr1:172476310	2_ad_versionB	0	0.0008571600202207313	0.003707638796828653	0.0
chr1:172476310	4_lc_versionB	0	0.0006613847133676155	0.00699603683654037	0.0
chr1:172476310	1_h_versionB	0	0.0008432509110882187	0.0057320027915955295	0.0
chr1:172476310	3_ec_versionB	0	0.0005903485285231794	0.005001152713158994	0.0
chr1:172477430	2_ad_versionB	0	0.0008549792653098756	0.003327302896208131	0.0
chr1:172477430	4_lc_versionB	0	0.0006184896344032079	0.0036589402533875218	0.0
chr1:172477430	1_h_versionB	0	0.0008162342513927939	0.004781010090502744	0.0
chr1:172477430	3_ec_versionB	0	0.0006557880937438749	0.008910460761367077	0.0
chr1:172478072	2_ad_versionB	0	0.0008474324571036325	0.00306403554082926	0.0
chr1:172478072	4_lc_versionB	0	0.0006820795635892403	0.008963723755562392	0.0
chr1:172478072	1_h_versionB	0	0.0008491862181786055	0.00607899706053869	0.0
chr1:172478072	3_ec_versionB	0	0.0006009757112640369	0.005452440098992687	0.0
chr1:172484869	2_ad_versionB	0	0.0008424960642648255	0.0026923618582925793	0.0
chr1:172484869	4_lc_versionB	0	0.0006876038023653648	0.010137908576674827	0.0
chr1:172484869	1_h_versionB	0	0.0008798386717166325	0.007028518215738416	0.0
chr1:172484869	3_ec_versionB	0	0.0005942470441671668	0.005766872753465871	0.0
chr1:172493544	2_ad_versionB	0	0.0009251461366516509	0.00943528274651794	0.0
chr1:172493544	4_lc_versionB	0	0.0006361837546886553	0.005258139631130812	0.0
chr1:172493544	1_h_versionB	0	0.0008805286715237172	0.007928213185035818	0.0
chr1:172493544	3_ec_versionB	0	0.0005919554216086926	0.005626949330503392	0.0
chr1:172493614	2_ad_versionB	0	0.0009168574405830386	0.009051957718108922	0.0
chr1:172493614	4_lc_versionB	0	0.0006610245624561141	0.006962315924436215	0.0
chr1:172493614	1_h_versionB	0	0.000844827275804696	0.005820277334084013	0.0
chr1:172493614	3_ec_versionB	0	0.0006237016352438574	0.006884569845582922	0.0
chr1:172497127	2_ad_versionB	0	0.000875210362002099	0.0048234343537172375	0.0
chr1:172497127	4_lc_versionB	0	0.0006477100108889016	0.006312998592361068	0.0
chr1:172497127	1_h_versionB	0	0.0008322524497463436	0.005218670342099982	0.0
chr1:172497127	3_ec_versionB	0	0.0005673243467905168	0.004525561769665534	0.0
chr1:172498480	2_ad_versionB	0	0.0009051009813261777	0.00792922281840519	0.0
chr1:172498480	4_lc_versionB	0	0.0006002694976867116	0.002490467798268879	0.0
chr1:172498480	1_h_versionB	0	0.000869124930538101	0.007475352746450896	0.0
chr1:172498480	3_ec_versionB	0	0.0006270940468779975	0.007135878592721325	0.0
chr1:180333341	2_ad_versionB	3	0.0009244762076904891	0.008372068992038914	0.0
chr1:180333341	4_lc_versionB	3	0.0009456609050339139	0.009642119285069105	0.0
chr1:180333341	1_h_versionB	3	0.4408369486369185	0.027158684892044368	0.4420131291028446
chr1:180333341	3_ec_versionB	3	0.0007112552869890747	0.004288387627952188	0.0
chr1:180333680	2_ad_versionB	3	0.0008922247154478237	0.007019099684600545	0.0
chr1:180333680	4_lc_versionB	3	0.0008848659728820345	0.0029048903661060142	0.0
chr1:180333680	1_h_versionB	3	0.44077046942240056	0.026482751105443625	0.39858490566037735
chr1:180333680	3_ec_versionB	3	0.0007593283591911688	0.008143279163402635	0.0
chr1:181055314	2_ad_versionB	3	0.0008589115994899491	0.003947061934060623	0.0
chr1:181055314	4_lc_versionB	3	0.0008790068736593657	0.002491923304966821	0.0
chr1:181055314	1_h_versionB	3	0.4408617414688992	0.026100062121416	0.4028103044496487
chr1:181055314	3_ec_versionB	3	0.0007376325022187917	0.005990033100574148	0.0
chr1:181117471	2_ad_versionB	3	0.0009709800229477367	0.010173722749072465	0.0
chr1:181117471	4_lc_versionB	3	0.0008690689637860805	0.0033364093188266775	0.0
chr1:181117471	1_h_versionB	3	0.44086581815129555	0.029013211409053906	0.5
chr1:181117471	3_ec_versionB	3	0.000721619439245939	0.004678134733387344	0.0
chr1:181409714	2_ad_versionB	3	0.0009530232816637362	0.009752902296591431	0.0
chr1:181409714	4_lc_versionB	3	0.0009152933185191909	0.0071866673111581165	0.0
chr1:181409714	1_h_versionB	3	0.441049003691992	0.027492024450692345	0.4698544698544699
chr1:181409714	3_ec_versionB	3	0.0007500599641440433	0.007805161339847801	0.0
chr1:181831695	2_ad_versionB	3	0.0008844291198115283	0.005753454124932107	0.0
chr1:181831695	4_lc_versionB	3	0.0008670197143057189	0.0020384133494004454	0.0
chr1:181831695	1_h_versionB	3	0.4398772319927111	0.03263107644215105	0.23423423423423423
chr1:181831695	3_ec_versionB	3	0.0007372918004751203	0.006419539228312266	0.0
chr1:184801966	2_ad_versionB	3	0.0008836796934533207	0.006190163017962185	0.0
chr1:184801966	4_lc_versionB	3	0.0009129287537184298	0.005476415323867269	0.0
chr1:184801966	1_h_versionB	3	0.4407316563898684	0.02740547934852349	0.39858490566037735
chr1:184801966	3_ec_versionB	3	0.0007274904694107352	0.004958083193289663	0.0
chr1:184804018	2_ad_versionB	3	0.0008801634716579775	0.0037758072993192724	0.0
chr1:184804018	4_lc_versionB	3	0.000910358645278109	0.0072511158248204375	0.0
chr1:184804018	1_h_versionB	3	0.4411052165267627	0.02823399270300603	0.48897795591182364
chr1:184804018	3_ec_versionB	3	0.0007653723771279379	0.008967157446298635	0.0
chr1:184841383	2_ad_versionB	3	0.0008755559024997559	0.005481216631950507	0.0
chr1:184841383	4_lc_versionB	3	0.000938557504619329	0.007821511916511661	0.0
chr1:184841383	1_h_versionB	3	0.44075052986562313	0.02674017707757554	0.3765281173594132
chr1:184841383	3_ec_versionB	3	0.0007092549019044221	0.003203954934020668	0.0
chr1:185259500	2_ad_versionB	3	0.0009017431570333432	0.005268178803093872	0.0
chr1:185259500	4_lc_versionB	3	0.0008746360090837295	0.0033771643398332733	0.0
chr1:185259500	1_h_versionB	3	0.44095396543117604	0.02727065741965101	0.4698544698544699
chr1:185259500	3_ec_versionB	3	0.0007260975918368404	0.005433348615407236	0.0
chr1:185260433	2_ad_versionB	3	0.0009702794151314622	0.010093180804301551	0.0
chr1:185260433	4_lc_versionB	3	0.0008919991234860957	0.005464164473509809	0.0
chr1:185260433	1_h_versionB	3	0.4410719266934296	0.02783189914613639	0.5
chr1:185260433	3_ec_versionB	3	0.0007505576759323741	0.007506359965709942	0.0
chr1:185263644	2_ad_versionB	3	0.000876795233154975	0.005565064653893295	0.0
chr1:185263644	4_lc_versionB	3	0.000900880439228619	0.00422583872304571	0.0
chr1:185263644	1_h_versionB	3	0.4408520788449837	0.026060246238557544	0.39429928741092635
chr1:185263644	3_ec_versionB	3	0.0006810446183687755	0.0009405791290789806	0.0
chr1:185352198	2_ad_versionB	3	0.000940768517386091	0.00930615733934993	0.0
chr1:185352198	4_lc_versionB	3	0.000916797808150623	0.007043239216950735	0.0
chr1:185352198	1_h_versionB	3	0.44091947088131955	0.027676505526976432	0.44924406047516197
chr1:185352198	3_ec_versionB	3	0.0007410261642423531	0.007501780454996607	0.0
chr1:185352276	2_ad_versionB	3	0.0009214827386688417	0.008463134940885122	0.0
chr1:185352276	4_lc_versionB	3	0.0008602460706896924	0.0017713364074788066	0.0
chr1:185352276	1_h_versionB	3	0.44087399153045737	0.026559210984774508	0.42953020134228187
chr1:185352276	3_ec_versionB	3	0.0007660407800586962	0.009273489523512597	0.0
chr1:185370937	2_ad_versionB	3	0.000913407923524025	0.009066538474979253	0.0
chr1:185370937	4_lc_versionB	3	0.0009051977200586902	0.004643838864840254	0.0
chr1:185370937	1_h_versionB	3	0.44070768894035955	0.02693552589490674	0.39429928741092635
chr1:185370937	3_ec_versionB	3	0.0007592047005473478	0.008125475596783024	0.0
chr1:185373044	2_ad_versionB	3	0.0009140636186041426	0.008521376901731879	0.0
chr1:185373044	4_lc_versionB	3	0.0009044297840484669	0.005176311804584135	0.0
chr1:185373044	1_h_versionB	3	0.44022853204131834	0.030063209895610468	0.24107142857142858
chr1:185373044	3_ec_versionB	3	0.0007138998219276219	0.004084855388501174	0.0
chr1:185397169	2_ad_versionB	3	0.0008701462393522407	0.004631122092177151	0.0
chr1:185397169	4_lc_versionB	3	0.0009564409150421937	0.009854584572227069	0.0
chr1:185397169	1_h_versionB	3	0.43957321869015714	0.03504204422305107	0.205607476635514
chr1:185397169	3_ec_versionB	3	0.0007203871878291709	0.0045146107544244635	0.0
chr1:186100241	2_ad_versionB	3	0.0009109702574785861	0.008830619566811597	0.0
chr1:186100241	4_lc_versionB	3	0.0009434340990413327	0.008365951185412786	0.0
chr1:186100241	1_h_versionB	3	0.4407592264395499	0.026800148280386127	0.3511450381679389
chr1:186100241	3_ec_versionB	3	0.0006861718403646433	0.0011809639723134584	0.0
chr1:186114285	2_ad_versionB	3	0.0009010604798115665	0.005699472460819924	0.0
chr1:186114285	4_lc_versionB	3	0.0008742810454853574	0.003078114157524259	0.0
chr1:186114285	1_h_versionB	3	0.440877385315408	0.0271703658295962	0.4720496894409938
chr1:186114285	3_ec_versionB	3	0.0007358087924777513	0.006981901736374063	0.0
chr1:186739660	2_ad_versionB	3	0.0008102728080180116	0.0020924329460272166	0.0
chr1:186739660	4_lc_versionB	3	0.0008959351396731004	0.0026952350696704827	0.0
chr1:186739660	1_h_versionB	3	0.4349918629882679	0.05350698923621624	0.14181818181818182
chr1:186739660	3_ec_versionB	3	0.0008363733156015133	0.007820445506420194	0.0
chr1:186739764	2_ad_versionB	3	0.0008539961600294944	0.0032672099895511577	0.0
chr1:186739764	4_lc_versionB	3	0.0008705152906161916	0.002105262162889108	0.0
chr1:186739764	1_h_versionB	3	0.4407111566660291	0.02695543429590764	0.4151376146788991
chr1:186739764	3_ec_versionB	3	0.0007018131744499439	0.0027350266169987292	0.0
chr1:188576187	2_ad_versionB	3	0.0008949550722515364	0.004415765416692152	0.0
chr1:188576187	4_lc_versionB	3	0.0008748439378980002	0.003590724286266	0.0
chr1:188576187	1_h_versionB	3	0.44103279888441693	0.027367987933602855	0.4827586206896552
chr1:188576187	3_ec_versionB	3	0.0007369829081240394	0.006742288674792988	0.0
chr1:188626705	2_ad_versionB	3	0.0009374813698509157	0.007733161627825563	0.0
chr1:188626705	4_lc_versionB	3	0.0008850818983317325	0.004587780304774081	0.0
chr1:188626705	1_h_versionB	3	0.4409813967309958	0.02769727186591434	0.4827586206896552
chr1:188626705	3_ec_versionB	3	0.0007021470573070778	0.0033408554309312566	0.0
chr1:188628608	2_ad_versionB	3	0.0008989717059006019	0.007604056686468807	0.0
chr1:188628608	4_lc_versionB	3	0.0009287458527581169	0.006892454048181221	0.0
chr1:188628608	1_h_versionB	3	0.44082387854693317	0.026544553182161312	0.3765281173594132
chr1:188628608	3_ec_versionB	3	0.0007484824308266513	0.007054048622736905	0.0
chr1:188628654	2_ad_versionB	3	0.0009004177921839971	0.007835737548712274	0.0
chr1:188628654	4_lc_versionB	3	0.0009228208556933472	0.006589540853968285	0.0
chr1:188628654	1_h_versionB	3	0.44063494050292185	0.028249102345184112	0.33070866141732286
chr1:188628654	3_ec_versionB	3	0.0007399153825220455	0.006411566725366551	0.0
chr1:188633717	2_ad_versionB	3	0.0009073480728627862	0.008001954407457167	0.0
chr1:188633717	4_lc_versionB	3	0.000905280027611488	0.00534634810377467	0.0
chr1:188633717	1_h_versionB	3	0.4400706134152635	0.03136534742802335	0.21296296296296297
chr1:188633717	3_ec_versionB	3	0.0007582332426446794	0.008501636337127383	0.0
chr1:188864735	2_ad_versionB	3	0.0008879177777050943	0.004686335149630581	0.0
chr1:188864735	4_lc_versionB	3	0.000878034928281431	0.0034677991439840353	0.0
chr1:188864735	1_h_versionB	3	0.44076613629197764	0.027792706216775008	0.4631578947368421
chr1:188864735	3_ec_versionB	3	0.0007177778757669068	0.005149223778303345	0.0
chr4:125071333	2_ad_versionB	0	0.0009310350803437483	0.009987808641177239	0.0
chr4:125071333	4_lc_versionB	0	0.0006648528670370372	0.007885226739366286	0.0
chr4:125071333	1_h_versionB	0	0.0008801440079935904	0.00692745190281923	0.0
chr4:125071333	3_ec_versionB	0	0.0005667298230086454	0.0045146148203413445	0.0
chr4:125072825	2_ad_versionB	0	0.0008587457239073821	0.0038257585263710083	0.0
chr4:125072825	4_lc_versionB	0	0.00068192638700602	0.008948990874889666	0.0
chr4:125072825	1_h_versionB	0	0.0009084989193338733	0.010798619289003506	0.0
chr4:125072825	3_ec_versionB	0	0.0006318232782306853	0.007497784826300106	0.0
chr4:152377125	2_ad_versionB	2	0.001090994558074119	0.009899455554927087	0.0
chr4:152377125	4_lc_versionB	2	0.0018482265699349138	0.010352742811376922	0.0
chr4:152377125	1_h_versionB	2	0.001627492942517909	0.006891399638795205	0.0
chr4:152377125	3_ec_versionB	2	0.5034988065537538	0.03557374201369888	0.5
chr5:25950723	2_ad_versionB	0	0.0008857057554713909	0.006120573356865801	0.0
chr5:25950723	4_lc_versionB	0	0.0006590413088739337	0.006777046934221362	0.0
chr5:25950723	1_h_versionB	0	0.0009059853216885014	0.010573871462184387	0.0
chr5:25950723	3_ec_versionB	0	0.0006468272087877536	0.00871662945042112	0.0
chr5:26000324	2_ad_versionB	0	0.0008923215527770645	0.006729324996314008	0.0
chr5:26000324	4_lc_versionB	0	0.0006268424288486698	0.003950673724021499	0.0
chr5:26000324	1_h_versionB	0	0.0008484367829073093	0.00603306331522774	0.0
chr5:26000324	3_ec_versionB	0	0.0006098022687651396	0.005946801420864627	0.0
chr5:26035024	2_ad_versionB	0	0.0008776797050697381	0.005398770819291979	0.0
chr5:26035024	4_lc_versionB	0	0.0006924976331615095	0.009969895491595947	0.0
chr5:26035024	1_h_versionB	0	0.0008334219738208323	0.005255321099883029	0.0
chr5:26035024	3_ec_versionB	0	0.000629409292555526	0.007311470014141137	0.0
chr5:26035916	2_ad_versionB	0	0.0009156706652979554	0.008955533001486222	0.0
chr5:26035916	4_lc_versionB	0	0.0006980868856554375	0.007664127684548672	0.0
chr5:26035916	1_h_versionB	0	0.0008898027752317459	0.009128939053460416	0.0
chr5:26035916	3_ec_versionB	0	0.0006474078710282936	0.008759302604173227	0.0
chr5:26035943	2_ad_versionB	0	0.0008351082176116099	0.0025660011245316416	0.0
chr5:26035943	4_lc_versionB	0	0.0006538389752866726	0.006294844071708786	0.0
chr5:26035943	1_h_versionB	0	0.0008601511613189999	0.006810186322517516	0.0
chr5:26035943	3_ec_versionB	0	0.0006021363540843274	0.005511909405727833	0.0
chr5:26089095	2_ad_versionB	0	0.0008375198240025156	0.0025804495358774443	0.0
chr5:26089095	4_lc_versionB	0	0.0006247924286072927	0.004265632020366838	0.0
chr5:26089095	1_h_versionB	0	0.0008347202970559978	0.005284412345904335	0.0
chr5:26089095	3_ec_versionB	0	0.0005792170911149076	0.004936067282358429	0.0
chr5:26089122	2_ad_versionB	0	0.0008819805234686119	0.005409119686219514	0.0
chr5:26089122	4_lc_versionB	0	0.0006189513968784942	0.0037888428997503976	0.0
chr5:26089122	1_h_versionB	0	0.0009027886741985093	0.009745929094269848	0.0
chr5:26089122	3_ec_versionB	0	0.0006202402272429821	0.007711696197715379	0.0
chr5:26089127	2_ad_versionB	0	0.0008449101726817666	0.0029363884635758048	0.0
chr5:26089127	4_lc_versionB	0	0.0007070644699635435	0.008249728350987931	0.0
chr5:26089127	1_h_versionB	0	0.0008508245975375111	0.00615562670693446	0.0
chr5:26089127	3_ec_versionB	0	0.0006526211494177051	0.009200503218867914	0.0
chr5:27501274	2_ad_versionB	0	0.0009034602413624553	0.0077737771836880526	0.0
chr5:27501274	4_lc_versionB	0	0.0006397090632686857	0.00502359098458594	0.0
chr5:27501274	1_h_versionB	0	0.0008221551309798979	0.004898118872352549	0.0
chr5:27501274	3_ec_versionB	0	0.0006185752355174733	0.006519936845569261	0.0
chr7:126864803	2_ad_versionB	0	0.0008570414720143506	0.003422465701025917	0.0
chr7:126864803	4_lc_versionB	0	0.000609770644903091	0.0031142256060113674	0.0
chr7:126864803	1_h_versionB	0	0.0008829512441298553	0.008116178076277715	0.0
chr7:126864803	3_ec_versionB	0	0.0006095628618726714	0.006862433038730727	0.0
chr7:141858623	2_ad_versionB	0	0.0008403657412294234	0.0026307809025910263	0.0
chr7:141858623	4_lc_versionB	0	0.0006129600645974247	0.0033354374654125524	0.0
chr7:141858623	1_h_versionB	0	0.0008979436957411936	0.009335250590981633	0.0
chr7:141858623	3_ec_versionB	0	0.0006061942958557519	0.006607667527680019	0.0
chr7:141858900	2_ad_versionB	0	0.0008947335701706207	0.006560303618581519	0.0
chr7:141858900	4_lc_versionB	0	0.0006826986911563362	0.009653017811825974	0.0
chr7:141858900	1_h_versionB	0	0.0008406476542626298	0.005484621973212902	0.0
chr7:141858900	3_ec_versionB	0	0.0005965923775872556	0.005926614422551427	0.0
chr7:38519610	2_ad_versionB	0	0.0009144037994610455	0.008816497540971682	0.0
chr7:38519610	4_lc_versionB	0	0.0006470007493501604	0.005671245286549327	0.0
chr7:38519610	1_h_versionB	0	0.0008632540534722029	0.007034351525246927	0.0
chr7:38519610	3_ec_versionB	0	0.0005960012215255948	0.005219162355534767	0.0
chr7:38519625	2_ad_versionB	0	0.0008306948753765505	0.00251375138340476	0.0
chr7:38519625	4_lc_versionB	0	0.0006356153735353439	0.00467052985218733	0.0
chr7:38519625	1_h_versionB	0	0.000896253455806708	0.009716024024409962	0.0
chr7:38519625	3_ec_versionB	0	0.0006191789902431287	0.0065618530904455125	0.0
chr7:38520007	2_ad_versionB	0	0.0008544139965197798	0.0032866448457144343	0.0
chr7:38520007	4_lc_versionB	0	0.0005863690723066835	0.002205824735766657	0.0
chr7:38520007	1_h_versionB	0	0.0008462286962069178	0.005994985894080562	0.0
chr7:38520007	3_ec_versionB	0	0.0005941943427389795	0.0055829048131782015	0.0
chr7:38520414	2_ad_versionB	0	0.0008852577531571629	0.006079749545068645	0.0
chr7:38520414	4_lc_versionB	0	0.0006314168554203217	0.004318765755071134	0.0
chr7:38520414	1_h_versionB	0	0.000884639672164226	0.008724028791563436	0.0
chr7:38520414	3_ec_versionB	0	0.0006070690499026019	0.0057838456462428	0.0
chr7:38520435	2_ad_versionB	0	0.0009081063161213468	0.00780896153420179	0.0
chr7:38520435	4_lc_versionB	0	0.0006405043552199851	0.005649077436054011	0.0
chr7:38520435	1_h_versionB	0	0.0008353525021788982	0.005302970956908119	0.0
chr7:38520435	3_ec_versionB	0	0.0005957540275902063	0.00587085648610225	0.0
chr7:38520490	2_ad_versionB	0	0.0008527487197716448	0.003154053242399508	0.0
chr7:38520490	4_lc_versionB	0	0.0006699007429180796	0.008416367322586396	0.0
chr7:38520490	1_h_versionB	0	0.000832956103530793	0.005236314143525279	0.0
chr7:38520490	3_ec_versionB	0	0.0006326350263179681	0.008757747311415183	0.0
chr7:79694304	2_ad_versionB	0	0.0008419037842536383	0.0027847355248663106	0.0
chr7:79694304	4_lc_versionB	0	0.0006446311847473166	0.0054585237020208545	0.0
chr7:79694304	1_h_versionB	0	0.0008211302545459382	0.004877256661746565	0.0
chr7:79694304	3_ec_versionB	0	0.0006120026585106428	0.006083742999659228	0.0
chr7:79694560	2_ad_versionB	0	0.0009079720816317344	0.008202042996176299	0.0
chr7:79694560	4_lc_versionB	0	0.0006695248625713747	0.007763697016438375	0.0
chr7:79694560	1_h_versionB	0	0.0008632517874009411	0.007034185427590926	0.0
chr7:79694560	3_ec_versionB	0	0.0006223063777176607	0.0067834316982509245	0.0
chr7:79694655	2_ad_versionB	0	0.0008387721558017901	0.0026331976778074142	0.0
chr7:79694655	4_lc_versionB	0	0.0006595044638708342	0.006264137621088344	0.0
chr7:79694655	1_h_versionB	0	0.0008401063283789826	0.005548017959441513	0.0
chr7:79694655	3_ec_versionB	0	0.0006638018264218573	0.010186229980868945	0.0
chr7:79694677	2_ad_versionB	0	0.0009033456578259434	0.007762934671541043	0.0
chr7:79694677	4_lc_versionB	0	0.0005958201909769992	0.0024510994112108865	0.0
chr7:79694677	1_h_versionB	0	0.00090230991925092	0.010247469358227504	0.0
chr7:79694677	3_ec_versionB	0	0.0006426054899292088	0.008364429320751033	0.0
chr7:79695003	2_ad_versionB	0	0.0008706343242716128	0.004355677102068749	0.0
chr7:79695003	4_lc_versionB	0	0.0006853669645629304	0.007213807991714807	0.0
chr7:79695003	1_h_versionB	0	0.0008962250777779	0.009217282200939184	0.0
chr7:79695003	3_ec_versionB	0	0.0006083960288112875	0.006773071765231029	0.0
chr7:79695130	2_ad_versionB	0	0.000855421346750348	0.0033171917345682545	0.0
chr7:79695130	4_lc_versionB	0	0.0006341709761597416	0.005078294811232888	0.0
chr7:79695130	1_h_versionB	0	0.0009190343678763609	0.011166249055271358	0.0
chr7:79695130	3_ec_versionB	0	0.0006449952441089216	0.009845695820775163	0.0
chr8:102674037	2_ad_versionB	0	0.000899076752143317	0.007360317622391363	0.0
chr8:102674037	4_lc_versionB	0	0.000648393092542668	0.0057971162266331425	0.0
chr8:102674037	1_h_versionB	0	0.0008459291188894694	0.005883700833459037	0.0
chr8:102674037	3_ec_versionB	0	0.0006509795317772844	0.00906887028316617	0.0
